City_ID,City,Country,Lat,Lng,Max Temp,Humidity,Cloudiness,Wind Speed,Weather Description
0,Lima,PE,-12.0432,-77.0282,59.4,86,90,13.8,
1,Ushuaia,AR,-54.8,-68.3,38.86,75,75,25.32,
2,Jamestown,US,42.097,-79.2353,60.39,87,90,7.0,
3,Vaini,TO,-21.2,-175.2,75.36,88,40,10.36,
4,Pangnirtung,CA,66.1451,-65.7125,34.43,60,100,2.82,
5,Cape Town,ZA,-33.9258,18.4232,61.27,85,40,5.01,
6,Butaritari,KI,3.0707,172.7902,83.01,75,39,10.47,
7,Ponta Do Sol,PT,32.6667,-17.1,70.43,71,78,3.83,
8,Rikitea,PF,-23.1203,-134.9692,73.76,76,58,14.25,
9,Hobart,AU,-42.8794,147.3294,52.27,63,20,1.01,
10,Katsuura,JP,35.1333,140.3,71.19,63,100,15.03,
11,Souillac,MU,-20.5167,57.5167,71.98,78,40,12.66,
12,Kieta,PG,-6.2167,155.6333,82.99,77,21,4.9,
13,Hermanus,ZA,-34.4187,19.2345,59.9,91,21,8.46,
14,La Ronge,CA,55.1001,-105.2842,64.65,45,40,8.05,
15,Hilo,US,19.7297,-155.09,83.93,76,20,14.97,
16,Provideniya,RU,64.3833,-173.3,33.58,88,99,1.66,
17,Praia,CV,14.9215,-23.5087,79.34,78,75,13.8,
18,Sayyan,YE,15.1718,44.3244,60.28,23,90,6.2,
19,Bathsheba,BB,13.2167,-59.5167,81.21,89,40,6.91,
20,Bluff,NZ,-46.6,168.3333,46.8,60,47,14.65,
21,Gamba,GA,-2.65,10.0,75.24,89,97,4.72,
22,Atuona,PF,-9.8,-139.0333,77.94,77,66,19.19,
23,Coahuayana,MX,18.7333,-103.6833,76.48,85,92,2.71,
24,Mar Del Plata,AR,-38.0023,-57.5575,58.08,64,40,5.99,
25,Simao,CN,22.7886,100.9748,63.46,96,92,2.06,
26,Nome,US,64.5011,-165.4064,44.67,71,75,14.97,
27,New Norfolk,AU,-42.7826,147.0587,51.93,46,22,3.47,
28,Caravelas,BR,-17.7125,-39.2481,71.56,68,34,8.55,
29,Bredasdorp,ZA,-34.5322,20.0403,60.12,77,16,9.22,
30,Albany,US,42.6001,-73.9662,63.91,81,95,2.35,
31,Portland,US,45.5234,-122.6762,85.84,37,20,1.01,
32,Mataura,NZ,-46.1927,168.8643,46.47,88,44,7.05,
33,Hithadhoo,MV,-0.6,73.0833,81.18,77,100,15.66,
34,Kargasok,RU,59.0556,80.8572,35.31,98,100,12.68,
35,Busselton,AU,-33.65,115.3333,52.09,84,73,2.48,
36,Alice Springs,AU,-23.7,133.8833,69.35,21,3,11.5,
37,Gigmoto,PH,13.7796,124.39,84.18,75,52,3.22,
38,Jacareacanga,BR,-6.2222,-57.7528,73.9,79,83,2.08,
39,Cao Bang,VN,22.6667,106.25,74.37,96,11,1.21,
40,Alpena,US,45.0617,-83.4327,55.72,84,40,3.44,
41,Bay Roberts,CA,47.5999,-53.2648,48.33,88,100,8.14,
42,Yellowknife,CA,62.456,-114.3525,45.41,80,75,5.01,
43,Aksu,CN,41.1231,80.2644,62.78,19,2,6.96,
44,Bambous Virieux,MU,-20.3428,57.7575,71.85,78,40,12.66,
45,Yerbogachen,RU,61.2767,108.0108,37.2,69,49,14.56,
46,Pevek,RU,69.7008,170.3133,30.94,98,100,15.32,
47,Avera,US,33.194,-82.5271,74.08,54,36,4.32,
48,Furano,JP,43.2818,142.4743,45.9,60,100,2.55,
49,Asau,RO,46.4333,26.4,55.76,84,1,5.57,
50,Punta Arenas,CL,-53.15,-70.9167,41.11,70,40,18.41,
51,Lata,PT,40.1629,-8.3327,62.82,97,4,2.46,
52,Ruzhyn,UA,49.7228,29.2046,57.34,81,85,14.63,
53,Rawson,AR,-43.3002,-65.1023,66.65,30,75,22.39,
54,Saint-Augustin,CA,51.226,-58.6502,53.92,98,100,15.86,
55,Wuxue,CN,29.8506,115.5525,82.13,75,85,4.52,
56,Belmonte,BR,-15.8631,-38.8828,73.9,77,6,8.9,
57,Port Alfred,ZA,-33.5906,26.891,61.86,64,87,12.26,
58,Cukai,MY,4.25,103.4167,77.0,91,62,3.2,
59,Manggar,ID,-2.8833,108.2667,82.18,76,94,4.56,
60,Obregon,NI,11.9566,-85.9636,84.29,90,100,8.99,
61,San Cristobal,VE,7.7669,-72.225,80.78,99,44,4.65,
62,Saldanha,ZA,-33.0117,17.9442,60.85,94,74,3.04,
63,Hasaki,JP,35.7333,140.8333,72.28,57,100,13.0,
64,Los Llanos De Aridane,ES,28.6585,-17.9182,69.55,86,75,5.75,
65,Vila Franca Do Campo,PT,37.7167,-25.4333,72.19,91,100,9.42,
66,Kaseda,JP,31.4167,130.3167,72.63,72,67,9.86,
67,Lavrentiya,RU,65.5833,-171.0,33.44,81,100,4.54,
68,Botad,IN,22.1667,71.6667,77.0,88,99,8.19,
69,Kapaa,US,22.0752,-159.319,85.98,70,75,5.01,
70,Assiniboia,CA,49.6334,-105.9845,84.02,17,61,12.66,
71,Barrow,US,71.2906,-156.7887,26.62,93,90,4.61,
72,Kruisfontein,ZA,-34.0033,24.7314,57.92,66,16,8.28,
73,Puri,IN,19.8,85.85,84.38,87,100,20.62,
74,East London,ZA,-33.0153,27.9116,65.93,51,50,12.62,
75,Kisangani,CD,0.5167,25.2,68.68,98,81,2.51,
76,Aripuana,BR,-9.1667,-60.6333,77.41,74,68,2.39,
77,Arraial Do Cabo,BR,-22.9661,-42.0278,70.05,80,48,25.05,
78,Panguna,PG,-6.3164,155.4848,79.41,70,21,2.98,
79,Road Town,VG,18.4167,-64.6167,86.04,74,20,3.44,
80,Karratha,AU,-20.7377,116.8463,72.54,42,0,14.97,
81,Victoria,HK,22.2855,114.1577,84.38,77,22,8.99,
82,Chokurdakh,RU,70.6333,147.9167,33.12,98,100,11.95,
83,Prokhorovka,RU,51.0374,36.7325,49.57,90,100,13.27,
84,Xinqing,CN,48.2333,129.5,56.62,75,0,1.86,
85,Talnakh,RU,69.4865,88.3972,30.81,69,53,1.57,
86,Khatanga,RU,71.9667,102.5,28.29,93,83,10.04,
87,Kaitangata,NZ,-46.2817,169.8464,47.25,59,27,11.27,
88,San Patricio,US,28.017,-97.5169,86.72,49,3,10.85,
89,Puerto Ayora,EC,-0.7393,-90.3518,75.16,89,72,8.34,
90,Buzmeyin,TM,38.0507,58.2056,73.13,53,20,6.91,
91,Cherskiy,RU,68.75,161.3,32.72,97,100,13.44,
92,Bermeo,ES,43.4209,-2.7215,67.24,78,74,4.38,
93,Opuwo,NA,-18.0607,13.84,71.96,27,1,2.44,
94,Cabedelo,BR,-6.9811,-34.8339,75.87,82,16,13.2,
95,Waddan,LY,29.1614,16.139,69.62,57,0,9.4,
96,Itoman,JP,26.1247,127.6694,84.22,87,20,8.05,
97,Matelandia,BR,-25.2408,-53.9964,71.96,40,0,2.8,
98,Ancud,CL,-41.8697,-73.8203,45.93,66,27,8.16,
99,Ulaanbaatar,MN,47.9077,106.8832,33.93,80,75,11.18,
100,Colesberg,ZA,-30.72,25.0972,62.56,18,87,4.76,
101,Chapais,CA,49.7834,-74.8492,58.78,71,95,8.63,
102,Batagay-Alyta,RU,67.8006,130.4114,30.92,78,82,2.55,
103,Neryungri,RU,56.6709,124.6491,41.58,77,92,4.59,
104,Lompoc,US,34.6391,-120.4579,83.01,76,1,4.0,
105,Honiara,SB,-9.4333,159.95,86.88,65,21,5.99,
106,Kidal,ML,18.4411,1.4078,87.8,10,0,11.27,
107,Kolosovka,RU,56.4678,73.611,28.24,96,7,7.72,
108,Qaanaaq,GL,77.484,-69.3632,21.24,70,100,6.49,
109,Sioux Lookout,CA,50.1001,-91.917,55.78,71,75,2.3,
110,Aklavik,CA,68.2191,-135.0107,34.63,80,75,14.97,
111,Muli,MV,2.9167,73.5667,82.42,78,100,20.38,
112,Kempsey,AU,-31.0833,152.8333,58.95,88,92,6.76,
113,Pallasovka,RU,50.05,46.8833,53.15,87,100,6.53,
114,Hit,IQ,33.6416,42.8251,73.18,24,0,11.74,
115,Saint George,US,37.1041,-113.5841,93.54,20,1,8.01,
116,Dikson,RU,73.5069,80.5464,37.31,77,100,18.57,
117,Cidreira,BR,-30.1811,-50.2056,62.85,90,2,9.33,
118,Verkhnevilyuysk,RU,63.4453,120.3167,32.68,80,29,5.26,
119,Knoxville,US,35.9606,-83.9207,70.16,79,90,0.0,
120,Flinders,AU,-34.5833,150.8552,60.06,57,92,7.0,
121,Bethel,US,41.3712,-73.414,66.92,86,1,3.44,
122,Paita,PE,-5.0892,-81.1144,66.76,86,17,16.28,
123,Piacabucu,BR,-10.4056,-36.4344,73.87,89,16,9.55,
124,Crailsheim,DE,49.1344,10.0719,63.27,91,72,4.7,
125,Saskylakh,RU,71.9167,114.0833,31.98,88,94,17.34,
126,Valparaiso,CL,-33.0393,-71.6273,60.44,66,0,8.05,
127,Jucas,BR,-6.5253,-39.5275,84.56,31,30,5.57,
128,Datong,CN,40.0936,113.2914,57.54,76,88,3.87,
129,Monrovia,LR,6.3005,-10.7969,77.41,88,100,8.41,
130,San Pedro,PH,14.35,121.0167,86.32,76,75,1.14,
131,Kisoro,UG,-1.2854,29.685,58.32,94,100,1.48,
132,Mahebourg,MU,-20.4081,57.7,71.89,78,40,12.66,
133,Tuktoyaktuk,CA,69.4541,-133.0374,33.8,93,90,14.97,
134,Kerrobert,CA,51.9168,-109.1348,71.65,37,95,11.41,
135,Grootfontein,NA,-19.5667,18.1167,69.37,19,0,4.61,
136,Esperance,AU,-33.8667,121.9,55.24,59,74,19.22,
137,Thompson,CA,55.7435,-97.8558,51.96,66,90,4.61,
138,Castro,BR,-24.7911,-50.0119,61.29,83,37,2.84,
139,Stromness,GB,58.965,-3.296,59.25,90,48,10.0,
140,Coari,BR,-4.085,-63.1414,76.57,83,97,2.86,
141,Avarua,CK,-21.2078,-159.775,75.25,94,75,14.97,
142,Mwinilunga,ZM,-11.7358,24.4293,64.58,31,61,2.3,
143,Sawakin,SD,19.1059,37.3321,84.94,62,29,7.47,
144,Kuala Terengganu,MY,5.3302,103.1408,75.15,94,20,0.0,
145,Bengkulu,ID,-3.8004,102.2655,74.8,95,100,1.19,
146,Loralai,PK,30.3705,68.598,71.15,53,0,1.48,
147,Sinnamary,GF,5.3833,-52.95,79.7,85,13,10.11,
148,Karlstad,SE,59.3793,13.5036,41.56,100,25,0.0,
149,Rezekne,LV,56.5,27.3167,45.36,97,24,10.78,
150,Moron,AR,-34.6534,-58.6198,64.02,85,2,1.99,
151,Soteapan,MX,18.2333,-94.8667,81.03,88,93,5.39,
152,Kahului,US,20.8947,-156.47,85.26,76,40,21.85,
153,Derzhavinsk,KZ,51.1,66.3167,53.6,29,100,9.24,
154,Bunia,CD,1.5667,30.25,62.13,93,100,1.77,
155,Palembang,ID,-2.9167,104.7458,77.09,94,20,3.44,
156,Airai,TL,-8.9266,125.4092,70.97,47,63,2.44,
157,Miri,MY,4.4148,114.0089,78.94,94,40,2.3,
158,Grand Gaube,MU,-20.0064,57.6608,72.0,75,4,4.0,
159,Rocha,UY,-34.4833,-54.3333,53.89,98,28,2.59,
160,Constitucion,CL,-35.3333,-72.4167,51.8,90,20,6.87,
161,Chuy,UY,-33.6971,-53.4616,58.86,96,78,4.18,
162,Lorengau,PG,-2.0226,147.2712,85.39,66,69,7.14,
163,Kodiak,US,57.79,-152.4072,45.91,53,75,6.91,
164,Marsabit,KE,2.3284,37.9899,63.01,78,20,20.6,
165,Gupitan,PH,7.7758,125.6406,78.53,85,100,0.98,
166,Severo-Kurilsk,RU,50.6789,156.125,48.65,88,98,12.71,
167,Odesskoye,RU,54.2111,72.9651,32.77,77,8,8.46,
168,Camabatela,AO,-8.1881,15.375,62.82,91,82,5.93,
169,Fortuna,US,40.5982,-124.1573,74.43,68,20,4.0,
170,Kingsland,US,30.8,-81.6898,77.95,74,16,3.58,
171,Port Macquarie,AU,-31.4333,152.9167,57.16,94,90,9.22,
172,Port Lincoln,AU,-34.7333,135.8667,55.35,65,15,17.13,
173,Norman Wells,CA,65.282,-126.8329,35.64,87,90,17.27,
174,Jiblah,YE,13.9216,44.1467,64.02,58,50,2.1,
175,Saint-Prosper,CA,46.2117,-70.4811,61.68,86,88,3.87,
176,Arrecife,ES,28.963,-13.5477,73.47,73,20,8.05,
177,Erzin,TR,36.9559,36.2,67.01,37,0,3.18,
178,Bosaso,SO,11.2842,49.1816,91.29,42,71,16.58,
179,Touros,BR,-5.1989,-35.4608,79.7,81,12,15.39,
180,Manokwari,ID,-0.8667,134.0833,82.94,68,100,3.85,
181,Tomatlan,MX,19.9333,-105.25,82.85,81,58,3.83,
182,College,US,64.8569,-147.8028,35.58,88,75,0.0,
183,Aksarka,RU,66.5606,67.7975,30.49,86,17,6.82,
184,Nioro,GM,13.35,-15.75,77.52,89,53,4.88,
185,Sakakah,SA,29.9697,40.2064,78.37,36,0,8.28,
186,Anshun,CN,26.25,105.9333,63.73,94,60,8.68,
187,Longyearbyen,SJ,78.2186,15.6401,39.04,87,75,4.61,
188,Manhumirim,BR,-20.3578,-41.9581,63.72,73,44,3.04,
189,Dicabisagan,PH,17.0818,122.4157,82.94,78,47,6.2,
190,Blama,SL,7.8736,-11.3433,72.5,99,99,0.76,
191,Pacific Grove,US,36.6177,-121.9166,80.6,81,1,1.01,
192,Kutina,HR,45.475,16.7819,57.18,79,1,2.53,
193,Takoradi,GH,4.8845,-1.7554,76.05,90,100,5.61,
194,Beitbridge,ZW,-22.2167,30.0,68.02,39,0,4.97,
195,Iqaluit,CA,63.7506,-68.5145,33.53,86,90,11.01,
196,Alofi,NU,-19.0595,-169.9187,76.89,57,9,6.91,
197,Melrose,US,42.4584,-71.0662,69.31,79,90,1.99,
198,Westport,US,41.1415,-73.3579,69.98,81,39,2.62,
199,Christchurch,NZ,-43.5333,172.6333,50.83,71,75,17.27,
200,Cabo San Lucas,MX,22.8909,-109.9124,91.51,73,37,8.57,
201,Auki,SB,-8.7676,160.7034,86.67,64,24,2.66,
202,Goderich,CA,43.7501,-81.7165,57.52,62,54,6.91,
203,Gijon,ES,43.5357,-5.6615,63.81,91,67,7.0,
204,Keti Bandar,PK,24.1447,67.4497,81.43,84,38,5.91,
205,Vestmannaeyjar,IS,63.4427,-20.2734,40.5,81,100,3.94,
206,Cervo,ES,43.6702,-7.4101,64.96,82,32,9.53,
207,Faya,SA,18.3851,42.4509,64.92,25,23,6.82,
208,Pimentel,PE,-6.8367,-79.9342,62.89,82,90,17.27,
209,Saint Anthony,US,45.0205,-93.218,69.73,32,1,1.99,
210,Upernavik,GL,72.7868,-56.1549,19.98,69,1,5.53,
211,Clyde River,CA,70.4692,-68.5914,27.28,84,50,5.55,
212,Corn Island,NI,12.1694,-83.0418,80.42,81,100,18.75,
213,Nuuk,GL,64.1835,-51.7216,30.81,55,0,6.91,
214,Opoczno,PL,51.3757,20.2783,62.22,89,98,5.26,
215,Rawah,IQ,34.4816,41.9093,70.93,26,0,10.42,
216,Marechal Candido Rondon,BR,-24.5561,-54.0567,72.25,42,0,5.23,
217,Sitka,US,57.0531,-135.33,51.69,71,90,3.44,
218,Enshi,CN,30.3,109.4833,75.25,87,4,0.11,
219,Ransang,PH,8.9603,117.5828,82.08,77,65,0.78,
220,Cayenne,GF,4.9333,-52.3333,83.08,80,39,4.0,
221,Tsiroanomandidy,MG,-18.7667,46.0333,66.02,66,81,4.83,
222,Aswan,EG,24.0934,32.907,79.9,38,0,12.66,
223,Itarema,BR,-2.9248,-39.9167,78.98,78,23,18.1,
224,Mattru,SL,7.6244,-11.8332,74.3,97,93,2.44,
225,Paamiut,GL,61.994,-49.6678,34.45,67,0,5.39,
226,Kaeo,NZ,-35.1,173.7833,60.66,83,48,6.15,
227,Saint-Philippe,RE,-21.3585,55.7679,69.39,86,44,13.4,
228,Tonekabon,IR,36.8163,50.8738,71.55,95,93,5.95,
229,Lebu,CL,-37.6167,-73.65,48.99,84,20,9.78,
230,Rosetta,EG,31.4044,30.4164,71.64,67,0,5.88,
231,Beringovskiy,RU,63.05,179.3167,36.14,58,73,5.28,
232,Wawa,NG,9.9022,4.4192,74.41,88,79,5.23,
233,Senanga,ZM,-16.1167,23.2667,66.56,25,2,6.53,
234,Comodoro Rivadavia,AR,-45.8667,-67.5,51.66,62,0,24.16,
235,Markova,UA,48.6758,24.4138,50.29,78,0,7.23,
236,Baruun-Urt,MN,46.6806,113.2792,58.01,85,89,9.62,
237,Carnarvon,AU,-24.8667,113.6333,68.07,68,40,10.36,
238,Sept-Iles,CA,50.2001,-66.3821,53.06,95,75,3.0,
239,Horodnytsya,UA,50.807,27.3168,57.7,84,92,10.18,
240,Kodumudi,IN,11.0775,77.8836,77.43,83,100,8.68,
241,Treinta Y Tres,UY,-33.2333,-54.3833,55.38,95,57,6.08,
242,Tasiilaq,GL,65.6145,-37.6368,37.56,61,100,10.2,
243,Muros,ES,42.7762,-9.0603,64.99,92,18,5.88,
244,Chauk,MM,20.8833,94.8167,77.07,91,56,1.68,
245,Laguna,US,38.421,-121.4238,98.13,35,1,4.0,
246,Greenwood,US,34.1668,-82.1165,72.19,73,1,3.44,
247,Barinas,VE,8.6226,-70.2075,85.69,83,31,3.04,
248,Esmeralda,CU,21.8525,-78.1169,79.84,85,58,6.33,
249,Manali,IN,13.1667,80.2667,78.89,71,85,5.7,
250,Valenca Do Piaui,BR,-6.4075,-41.7456,86.49,34,95,8.68,
251,Sembakung,ID,3.8167,117.25,78.73,90,86,1.9,
252,Birao,CF,10.2849,22.7882,71.24,94,89,1.63,
253,Camacha,PT,33.0833,-16.3333,67.42,73,40,0.0,
254,Cruzilia,BR,-21.8386,-44.8083,61.7,90,78,6.78,
255,Tutoia,BR,-2.7619,-42.2744,79.47,82,62,14.43,
256,Ahipara,NZ,-35.1667,173.1667,59.09,89,83,6.33,
257,Georgetown,MY,5.4112,100.3354,79.9,87,20,3.0,
258,Umm Kaddadah,SD,13.6017,26.6876,80.87,59,96,7.72,
259,Zachary,US,30.6485,-91.1565,82.06,57,1,6.91,
260,Nikolskoye,RU,59.7035,30.7861,48.09,92,99,8.84,
261,Staryy Nadym,RU,65.6118,72.6842,31.93,79,0,6.06,
262,Hobbs,US,32.7026,-103.136,81.07,27,100,5.01,
263,Ugoofaaru,MV,5.6667,73.0,80.76,81,100,21.94,
264,Shache,CN,38.4167,77.2406,63.81,24,0,4.83,
265,Torbay,CA,47.6666,-52.7314,47.57,87,20,10.36,
266,Cartagena Del Chaira,CO,1.3349,-74.8429,70.45,93,90,2.75,
267,Clonakilty,IE,51.6231,-8.8706,60.1,94,94,13.02,
268,Pauini,BR,-7.7136,-66.9764,79.0,72,69,2.62,
269,Marsa Matruh,EG,31.3525,27.2453,70.99,65,3,6.93,
270,Seremban,MY,2.7297,101.9381,78.35,92,91,2.71,
271,Visby,SE,57.6409,18.296,47.95,100,9,0.0,
272,Paka,MY,4.6374,103.4368,76.98,94,20,0.0,
273,Tupik,RU,54.4253,119.9327,50.22,90,100,8.16,
274,Port Elizabeth,ZA,-33.918,25.5701,62.89,67,0,13.8,
275,Tebingtinggi,ID,3.3285,99.1625,75.31,95,90,1.45,
276,Pathanamthitta,IN,9.2667,76.7833,74.1,98,100,2.15,
277,Dunmore Town,BS,25.5,-76.65,83.01,74,99,7.27,
278,Iskateley,RU,67.6803,53.1512,43.5,84,100,15.64,
279,Leningradskiy,RU,69.3833,178.4167,30.06,73,100,5.28,
280,Hobyo,SO,5.3505,48.5268,77.23,85,98,21.23,
281,Grindavik,IS,63.8424,-22.4338,40.95,75,40,25.32,
282,Les Cayes,HT,18.2,-73.75,80.89,78,17,3.62,
283,Sao Filipe,CV,14.8961,-24.4956,78.26,76,35,2.53,
284,Tuatapere,NZ,-46.1333,167.6833,46.81,71,66,10.71,
285,Tateyama,JP,34.9833,139.8667,71.87,63,100,14.27,
286,Turukhansk,RU,65.8167,87.9833,30.6,82,47,7.38,
287,Lakatoro,VU,-16.0999,167.4164,79.03,77,53,11.59,
288,Port Blair,IN,11.6667,92.75,81.07,84,100,11.14,
289,Eyl,SO,7.9803,49.8164,77.25,76,68,19.15,
290,Domoni,KM,-12.2569,44.5319,75.81,74,28,1.5,
291,Ulladulla,AU,-35.35,150.4667,59.88,49,59,9.26,
292,Krutinka,RU,56.0055,71.5113,32.47,87,5,9.1,
293,Moctezuma,MX,29.8,-109.6667,85.35,45,100,3.36,
294,Te Anau,NZ,-45.4167,167.7167,43.83,71,32,2.59,
295,Coihaique,CL,-45.5752,-72.0662,37.35,87,40,2.3,
296,Sardice,CZ,48.964,17.0281,60.37,75,3,3.87,
297,Omboue,GA,-1.5746,9.2618,76.32,90,95,7.61,
298,Tessalit,ML,20.1986,1.0114,85.86,10,0,11.88,
299,Luderitz,NA,-26.6481,15.1594,61.34,51,26,12.95,
300,Okhotsk,RU,59.3833,143.3,49.23,57,97,15.88,
301,Padang,ID,-0.9492,100.3543,75.25,88,97,3.91,
302,Vanavara,RU,60.34,102.2797,34.99,98,79,5.3,
303,Tigil,RU,57.8,158.6667,50.41,59,45,6.87,
304,Bintulu,MY,3.1667,113.0333,77.41,94,20,3.0,
305,Key West,US,24.5557,-81.7826,89.6,62,20,5.75,
306,Verkhnyaya Inta,RU,65.9811,60.3094,36.84,74,71,13.33,
307,Altamont,US,42.2068,-121.7372,85.89,19,1,1.01,
308,Borba,BR,-4.3878,-59.5939,75.34,82,93,2.82,
309,Ayan,RU,56.45,138.1667,51.75,52,59,16.55,
310,Atlantic City,US,39.3643,-74.4229,69.98,71,1,4.61,
311,Tongzi,CN,28.7829,105.0877,77.74,81,39,0.92,
312,Manadhoo,MV,5.7667,73.3833,81.39,79,99,20.51,
313,Neuquen,AR,-38.9516,-68.0591,67.89,28,0,17.27,
314,Soyo,AO,-6.1349,12.3689,75.02,85,85,5.73,
315,Gordeyevka,RU,52.9569,31.9703,49.19,96,47,13.04,
316,Bila Krynytsya,UA,50.6398,29.4704,59.25,89,91,11.79,
317,Padampur,IN,29.6833,73.6167,85.37,61,30,4.52,
318,Saint-Joseph,RE,-21.3667,55.6167,68.38,81,22,13.67,
319,Bilma,NE,18.6853,12.9164,85.78,15,1,11.25,
320,Namuac,PH,18.6109,121.1657,83.08,80,36,8.05,
321,Kavieng,PG,-2.5744,150.7967,83.89,75,47,13.56,
322,Mirnyy,RU,62.5353,113.9611,34.11,81,66,11.36,
323,Gornopravdinsk,RU,60.05,69.9,28.6,89,10,4.45,
324,Santa Cruz De La Palma,ES,28.6835,-17.7642,73.54,68,75,5.75,
325,Jumla,NP,29.2747,82.1838,57.83,87,87,4.05,
326,Kirakira,SB,-10.4544,161.9205,85.33,70,57,8.41,
327,Ilulissat,GL,69.2167,-51.1,23.02,54,75,2.3,
328,Praya,CV,14.9215,-23.5087,79.34,78,75,13.8,
329,Seoul,KR,37.5683,126.9778,69.37,80,0,3.44,
330,Khasan,RU,42.4308,130.6434,63.27,87,79,2.82,
331,Lagoa,PT,39.05,-27.9833,70.41,83,100,6.69,
332,Popondetta,PG,-8.7537,148.2534,89.11,50,30,3.15,
333,Bulungu,CD,-4.55,18.6,72.07,79,31,1.9,
334,Beira,MZ,-19.8436,34.8389,64.49,94,0,4.61,
335,Krasnoselkup,RU,65.7,82.4667,30.04,90,7,9.33,
336,Isangel,VU,-19.55,169.2667,75.31,73,75,5.75,
337,Botou,CN,38.0667,116.5667,65.12,97,100,9.51,
338,Olga,RU,43.7444,135.2892,62.74,73,100,0.81,
339,Nishihara,JP,26.1842,127.7558,83.48,89,20,6.91,
340,Olafsvik,IS,64.8945,-23.7142,42.03,77,93,40.13,
341,Nanortalik,GL,60.1432,-45.2371,37.47,76,2,6.38,
342,Umm Lajj,SA,25.0213,37.2685,82.04,60,2,13.31,
343,Vardo,NO,70.3705,31.1107,46.09,86,55,9.01,
344,Vinnytsya,UA,49.2328,28.481,58.5,69,47,11.88,
345,Lensk,RU,60.7253,114.9278,38.34,71,100,14.92,
346,Ghanzi,BW,-21.5667,21.7833,70.2,14,0,10.22,
347,Samarai,PG,-10.6167,150.6667,80.38,85,54,12.5,
348,Katobu,ID,-4.9408,122.5276,80.89,76,87,4.79,
349,Cenotillo,MX,20.9667,-88.6167,77.83,85,70,7.85,
350,Nerchinskiy Zavod,RU,51.3088,119.61,51.22,86,100,4.45,
351,Port Augusta,AU,-32.5,137.7667,59.7,30,2,11.54,
352,Nizwa,OM,22.9333,57.5333,83.52,35,94,1.66,
353,Whitehorse,CA,60.7161,-135.0538,47.17,42,75,8.01,
354,Codrington,AU,-38.2667,141.9667,53.19,58,54,5.46,
355,Kununurra,AU,-15.7667,128.7333,76.98,61,17,0.0,
356,Cayeli,TR,41.0923,40.7292,60.58,75,74,5.97,
357,Luwuk,ID,-0.9516,122.7875,81.75,74,94,6.06,
358,Sorland,NO,67.667,12.6934,49.37,74,94,17.25,
359,Mount Gambier,AU,-37.8333,140.7667,49.91,76,90,5.75,
360,Fairbanks,US,64.8378,-147.7164,35.6,87,75,0.0,
361,Port Moresby,PG,-9.4431,147.1797,83.62,74,40,5.75,
362,Lakes Entrance,AU,-37.8811,147.981,55.17,54,55,2.98,
363,Hoopstad,ZA,-27.8327,25.9083,65.73,28,35,4.32,
364,Iracoubo,GF,5.4802,-53.2011,81.18,80,9,10.71,
365,Ixtapa,MX,20.7,-105.2,85.23,78,50,4.0,
366,Godda,IN,24.8333,87.2167,83.59,73,100,4.14,
367,Talara,PE,-4.5772,-81.2719,66.96,82,0,13.8,
368,Husavik,IS,66.0449,-17.3389,37.31,93,100,16.22,
369,Chipinge,ZW,-20.1883,32.6236,56.05,58,0,4.09,
370,Port Hawkesbury,CA,45.6169,-61.3485,64.9,96,90,7.0,
371,Prince Rupert,CA,54.3161,-130.3201,53.69,86,90,4.61,
372,Neiafu,TO,-18.65,-173.9833,77.68,53,40,6.91,
373,Jinxiang,CN,27.4327,120.6062,75.61,78,48,4.85,
374,Casma,CL,-41.0082,-73.1244,47.8,82,51,4.47,
375,Narsaq,GL,60.9167,-46.05,35.82,61,0,6.89,
376,Pachino,IT,36.7186,15.0907,71.64,80,1,6.51,
377,Paro,BT,27.4305,89.4133,56.66,91,51,4.0,
378,Bukachacha,RU,52.9833,116.9167,50.56,97,100,10.54,
379,Lahij,YE,13.1667,44.5833,84.76,52,28,4.63,
380,Mahibadhoo,MV,3.7833,72.9667,81.07,79,96,19.95,
381,Labytnangi,RU,66.6572,66.4183,29.25,89,54,3.15,
382,Ngunguru,NZ,-35.6167,174.5,60.17,82,49,5.91,
383,Buala,SB,-8.145,159.5921,84.29,73,48,7.54,
384,Lingao,CN,19.9103,109.6859,81.23,80,90,12.93,
385,San Quintin,MX,30.4833,-115.95,70.68,75,85,10.22,
386,Sharjah,AE,25.3573,55.4033,91.38,69,0,5.75,
387,Klaksvik,FO,62.2266,-6.589,52.72,93,100,29.08,
388,Clarksburg,US,39.2807,-80.3445,65.93,79,75,5.75,
389,Zyryanka,RU,65.75,150.85,36.43,78,98,16.37,
390,Usogorsk,RU,63.4106,48.6872,44.53,97,100,5.99,
391,Abu Dhabi,AE,24.4667,54.3667,87.82,62,0,0.0,
392,Rio Gallegos,AR,-51.6226,-69.2181,44.65,45,40,18.41,
393,Ribeira Grande,PT,38.5167,-28.7,71.56,84,100,5.61,
394,Zhigansk,RU,66.7697,123.3711,33.57,83,65,13.67,
395,Anloga,GH,5.7947,0.8973,73.62,84,96,5.17,
396,Egvekinot,RU,66.3167,-179.1667,24.28,66,88,3.33,
397,Pangai,TO,-19.8,-174.35,72.81,58,71,9.13,
398,Morwell,AU,-38.2333,146.4,56.91,74,7,3.65,
399,Nouakchott,MR,18.0858,-15.9785,78.73,76,40,12.33,
400,Broome,US,42.2506,-75.833,63.18,72,100,3.2,
401,Acapulco,MX,16.8634,-99.8901,85.82,74,90,6.91,
402,Chuguyevka,RU,44.1653,133.8633,55.38,94,100,2.77,
403,Tautira,PF,-17.7333,-149.15,82.0,78,11,12.41,
404,Salihorsk,BY,52.7876,27.5415,47.32,96,14,10.29,
405,Berlevag,NO,70.8578,29.0864,45.95,86,98,10.25,
406,Richards Bay,ZA,-28.783,32.0377,68.86,73,1,13.11,
407,Dolores,AR,-36.3132,-57.6792,52.5,96,11,7.65,
408,Lamlash,GB,55.5336,-5.1296,63.28,98,100,12.06,
409,Kotido,UG,2.9806,34.1331,69.35,69,88,5.39,
410,Grand-Lahou,CI,5.1367,-5.0242,76.12,91,100,10.98,
411,Innisfail,AU,-17.5333,146.0333,76.57,65,71,4.29,
412,Diapaga,BF,12.0708,1.7889,77.36,79,12,7.16,
413,Lumeje,AO,-11.55,20.7833,66.52,24,16,1.59,
414,Mancio Lima,BR,-7.6142,-72.8958,77.07,88,90,8.05,
415,Sabha,LY,27.0377,14.4283,73.71,33,0,9.6,
416,Hunterville,NZ,-39.9333,175.5667,60.24,78,72,9.6,
417,Avare,BR,-23.0986,-48.9258,65.43,71,7,8.68,
418,Sorong,ID,-0.8833,131.25,81.19,78,98,5.59,
419,Roald,NO,62.5833,6.1333,57.9,72,90,12.66,
420,Wana,PK,32.2989,69.5725,71.71,67,0,2.35,
421,Porto Nacional,BR,-10.7081,-48.4172,75.2,57,95,4.18,
422,Corvallis,US,44.5646,-123.262,85.68,55,3,1.99,
423,Flin Flon,CA,54.7682,-101.865,64.24,42,40,11.5,
424,Adrar,MR,20.5022,-10.0711,93.18,23,65,3.96,
425,Valdivia,CL,-39.8142,-73.2459,50.09,97,55,1.97,
426,Naron,ES,43.5167,-8.1528,65.59,91,56,8.84,
427,Labuhan,ID,-6.8844,112.2051,79.2,82,98,7.34,
428,Baoding,CN,38.8511,115.4903,64.29,85,100,4.97,
429,Galveston,US,29.3669,-94.9669,85.17,58,1,5.75,
430,Yagodnoye,RU,62.55,149.6667,33.73,95,100,6.11,
431,Puerto Narino,CO,-3.7703,-70.3831,76.95,95,80,3.13,
432,Nicolas Bravo,MX,18.45,-88.9167,85.08,90,64,3.74,
433,Trincomalee,LK,8.5711,81.2335,81.16,74,92,18.75,
434,Quatre Cocos,MU,-20.2078,57.7625,71.71,77,27,16.98,
435,Peto,MX,20.1333,-88.9167,81.64,69,79,2.95,
436,Champerico,GT,14.3,-91.9167,84.34,73,98,4.05,
437,Presidencia Roque Saenz Pena,AR,-26.7852,-60.4388,66.85,43,0,6.69,
438,Lac Du Bonnet,CA,50.2536,-96.0612,61.93,39,98,4.32,
439,Anadyr,RU,64.75,177.4833,32.5,69,75,5.99,
440,Geraldton,AU,-28.7667,114.6,63.12,59,90,13.8,
441,Nelson Bay,AU,-32.7167,152.15,59.95,71,100,1.99,
442,Dasoguz,TM,41.8363,59.9666,66.15,45,37,11.5,
443,Harper,LR,4.375,-7.7169,77.29,87,100,9.04,
444,Nyagan,RU,62.1406,65.3936,30.67,90,95,5.57,
445,Victor Harbor,AU,-35.5667,138.6167,57.9,70,1,12.48,
446,Aykhal,RU,66.0,111.5,31.3,74,58,7.02,
447,Guilin,CN,25.2819,110.2864,71.71,79,1,0.67,
448,San Juan,AR,-31.5375,-68.5364,75.72,15,0,7.63,
449,Saint-Leu,RE,-21.15,55.2833,68.86,71,8,6.55,
450,Boa Vista,BR,2.8197,-60.6733,85.98,62,40,5.75,
451,Sirjan,IR,29.452,55.6814,68.88,17,1,3.2,
452,Carutapera,BR,-1.195,-46.02,79.34,80,100,10.0,
453,Chitungwiza,ZW,-18.0127,31.0756,59.45,43,0,7.14,
454,Darnah,LY,32.767,22.6367,72.7,67,1,11.32,
455,Bayji,IQ,34.9311,43.487,72.79,19,0,9.66,
456,Lyngdal,NO,58.1376,7.07,53.89,81,98,2.51,
457,Taree,AU,-31.9,152.4667,58.86,82,75,12.66,
458,Ostrovnoy,RU,68.0531,39.5131,44.78,83,91,5.44,
459,Saulkrasti,LV,57.2622,24.4147,48.79,80,2,15.43,
460,Ledyard,US,41.4398,-72.0142,69.04,77,90,0.0,
461,Mitsamiouli,KM,-11.3847,43.2844,75.7,75,13,5.73,
462,Zaysan,KZ,47.4667,84.8667,36.12,35,64,2.64,
463,Sao Joao Dos Patos,BR,-6.495,-43.7022,84.51,33,86,2.86,
464,Adre,TD,13.4667,22.2,73.96,54,46,4.7,
465,Kavaratti,IN,10.5669,72.642,81.43,79,83,18.57,
466,Bridgetown,BB,13.1,-59.6167,81.09,89,40,6.91,
467,Vrangel,RU,42.7297,133.0839,63.37,74,59,1.32,
468,Ulaangom,MN,49.9811,92.0667,35.24,49,90,5.91,
469,Yumen,CN,40.2833,97.2,49.05,34,0,7.23,
470,Alto Araguaia,BR,-17.3147,-53.2153,83.8,29,96,9.06,
471,Merauke,ID,-8.4667,140.3333,81.55,78,94,9.57,
472,Chicama,PE,-7.8447,-79.1469,59.54,81,58,7.45,
473,Vila,PT,42.0304,-8.1588,54.48,94,55,4.79,
474,Hamilton,US,39.1834,-84.5333,65.95,59,3,3.65,
475,Torrington,US,41.8007,-73.1212,65.23,88,38,1.61,
476,Koboko,UG,3.4136,30.9599,58.75,94,89,1.12,
477,Emba,KZ,48.8264,58.1442,59.05,47,85,10.04,
478,Kachug,RU,53.9606,105.8817,35.92,86,100,5.86,
479,Melbu,NO,68.5044,14.8297,46.31,83,58,7.4,
480,Kijang,KR,35.2442,129.2139,73.13,69,99,16.6,
481,Kaka,TM,37.3482,59.6143,74.48,47,0,7.45,
482,Ilhabela,BR,-23.7781,-45.3581,67.1,91,54,2.68,
483,Bosanska Dubica,BA,45.1767,16.8094,53.71,76,2,2.68,
484,Den Helder,NL,52.9599,4.7593,64.38,88,90,5.75,
485,Boende,CD,-0.2167,20.8667,68.88,98,73,1.05,
486,Chokwe,MZ,-24.5333,32.9833,67.51,78,1,6.42,
487,Khrebtovaya,RU,56.7032,104.2494,26.89,84,96,3.65,
488,Guerrero Negro,MX,27.9769,-114.0611,74.08,69,61,17.4,
489,Bereda,ES,43.2686,-7.5406,60.91,100,54,3.71,
490,Prainha,BR,-1.8,-53.48,80.33,64,82,3.0,
491,Zeya,RU,53.75,127.2667,56.19,79,100,3.62,
492,San Miguel,SV,13.4833,-88.1833,89.2,66,40,0.0,
493,Capelinha,BR,-17.6914,-42.5158,64.76,57,14,5.03,
494,Mexico,PH,15.0646,120.7198,84.22,78,8,3.85,
495,Palora,EC,-1.7,-77.9333,68.11,87,100,1.72,
496,Banda Aceh,ID,5.5577,95.3222,79.09,81,100,11.36,
497,High Level,CA,58.5169,-117.136,60.91,31,40,6.91,
498,Upata,VE,8.0086,-62.3989,71.26,92,82,3.94,
499,Hanyang,CN,32.1371,105.5126,64.89,95,100,9.26,
500,Shemonaikha,KZ,50.6328,81.9056,34.05,62,2,5.97,
501,Timra,SE,62.487,17.3257,43.68,79,23,2.3,
502,Grand-Santi,GF,4.25,-54.3833,76.71,77,65,1.61,
503,Mana,GF,5.6592,-53.7767,80.76,84,10,9.42,
504,Mari-Turek,RU,56.7895,49.6235,43.84,93,99,1.88,
505,Saint-Ambroise,CA,48.5501,-71.3324,60.58,77,53,3.44,
506,Kawalu,ID,-7.3817,108.2082,74.3,91,82,2.28,
507,Kaili,ID,-3.4626,120.2147,73.08,81,69,1.77,
508,Sheridan,US,44.8333,-106.9173,88.18,13,1,3.44,
509,Vostok,RU,46.4856,135.8833,56.37,56,95,0.85,
510,Ambilobe,MG,-13.2,49.05,65.48,78,8,3.18,
511,Matamoros,MX,25.5333,-103.25,88.11,26,71,19.13,
512,Havoysund,NO,70.9963,24.6622,45.48,86,95,18.39,
513,Nusaybin,TR,37.0778,41.2178,66.83,33,0,12.01,
514,Sur,OM,22.5667,59.5289,84.99,62,100,6.78,
515,Sambava,MG,-14.2667,50.1667,68.88,82,16,13.96,
516,Filadelfia,US,39.9523,-75.1638,70.7,69,75,0.0,
517,Lucea,JM,18.451,-78.1736,85.86,76,31,5.95,
518,Pringsewu,ID,-5.3582,104.9744,75.83,94,85,0.76,
519,Khandyga,RU,62.6667,135.6,40.42,92,100,3.4,
520,Saint-Denis,FR,48.9167,2.3333,64.8,90,20,1.99,
521,Hofn,IS,64.2539,-15.2082,40.33,82,100,16.17,
522,Mlimba,TZ,-8.8,35.8167,72.37,65,16,6.26,
523,Oberstdorf,DE,47.4,10.2833,62.44,82,82,1.01,
524,Marostica,IT,45.7468,11.6579,67.44,82,44,3.11,
525,Along,IN,28.1667,94.7667,70.27,97,70,2.66,
526,Santiago Del Estero,AR,-27.7951,-64.2615,74.8,25,0,9.42,
527,Ferrol,ES,43.4832,-8.2369,65.26,84,47,9.55,
528,Daugavpils,LV,55.8833,26.5333,46.02,96,19,8.46,
529,Dowa,MW,-13.654,33.9375,62.04,61,21,1.01,
530,Hailar,CN,49.2,119.7,56.95,74,96,15.64,
531,La Asuncion,VE,11.0333,-63.8628,85.73,70,47,4.61,
532,Huarmey,PE,-10.0681,-78.1522,64.04,84,92,11.56,
533,Herouville-Saint-Clair,FR,49.2109,-0.3065,65.39,94,0,9.22,
534,At-Bashi,KG,41.1702,75.8106,45.86,26,0,1.12,
535,Hovd,MN,48.0056,91.6419,35.91,31,19,6.98,
536,Novobirilyussy,RU,56.9514,90.6661,35.28,92,100,6.78,
537,Ekibastuz,KZ,51.6667,75.3667,38.43,92,1,8.23,
538,Pangody,RU,65.85,74.4859,31.35,82,7,6.24,
539,Lasa,IT,46.6166,10.7002,61.68,95,74,2.71,
540,Talgar,KZ,43.3027,77.2395,37.56,56,0,0.0,
541,Naze,JP,28.3667,129.4833,77.92,84,43,12.35,
542,Wanaka,NZ,-44.7,169.15,48.11,56,64,1.01,
543,Makakilo City,US,21.3469,-158.0858,86.32,57,90,8.05,
544,Tommot,RU,58.9564,126.2925,39.63,72,80,6.53,
545,Maybole,GB,55.355,-4.6803,63.34,82,20,13.8,
546,Warri,NG,5.5167,5.75,73.38,95,100,2.42,
547,Toamasina,MG,-18.1667,49.3833,69.8,94,75,5.75,
548,Taguatinga,BR,-12.3857,-46.5711,81.48,52,79,1.72,
549,Tarata,BO,-17.6167,-66.0167,71.02,62,55,7.7,
550,Gulu,UG,2.7746,32.299,61.97,95,87,3.47,
551,Ellisras,ZA,-23.6649,27.7443,64.42,41,28,4.94,
552,Yar-Sale,RU,66.8333,70.8333,32.38,84,10,7.09,
553,Sid,RS,45.1283,19.2264,57.06,63,0,5.84,
554,Cairns,AU,-16.9167,145.7667,84.11,62,40,11.5,
555,Bonavista,CA,48.6499,-53.1147,50.0,78,100,13.44,
556,Tornio,FI,65.8481,24.1466,39.22,92,100,4.68,
557,Santa Cecilia,BR,-26.9608,-50.4269,52.25,98,1,3.27,
558,La Tuque,CA,47.4334,-72.7824,61.05,67,72,4.61,
559,Chifeng,CN,42.2683,118.9636,60.76,78,9,3.02,
560,Berdigestyakh,RU,62.0989,126.6992,34.75,79,29,4.97,
561,Malpe,IN,13.35,74.7167,78.1,91,71,2.3,
562,Buraydah,SA,26.326,43.975,82.85,24,2,8.32,
563,Nargana,PA,9.4428,-78.5906,81.77,83,89,5.06,
564,Cascais,PT,38.6979,-9.4215,66.51,73,34,1.01,
565,Putina,PE,-15.4667,-69.4333,48.78,65,20,11.83,
566,Deputatskiy,RU,69.3,139.9,28.63,85,100,18.1,
567,Shubarkuduk,KZ,49.1447,56.4872,54.05,60,98,13.15,
568,Les Trois-Bassins,RE,-21.1,55.3,60.73,73,9,5.73,
569,Poum,NC,-20.2333,164.0167,72.79,69,76,4.72,
570,Jardim,BR,-21.4803,-56.1381,81.66,34,19,4.47,
571,Sao Jose Da Coroa Grande,BR,-8.8978,-35.1478,75.79,85,13,10.13,
572,Alexandria,EG,31.2156,29.9553,72.59,61,0,5.06,
573,Letterkenny,IE,54.95,-7.7333,57.7,90,39,8.01,
574,Spartanburg,US,34.9496,-81.9321,72.55,58,1,0.0,
575,Faanui,PF,-16.4833,-151.75,79.12,73,6,9.24,
576,Artyom,AZ,40.4723,50.333,66.34,79,56,19.44,
577,Ust-Barguzin,RU,53.45,108.9833,41.4,97,100,9.08,
578,Tiksi,RU,71.6872,128.8694,32.67,86,100,20.58,
579,Hervey Bay,AU,-25.2986,152.8535,73.51,72,63,4.36,
580,Caceres,ES,39.522,-6.3748,58.8,81,47,3.15,
581,Ust-Maya,RU,60.4167,134.5333,39.25,73,95,5.59,
582,Moose Factory,CA,51.2585,-80.6094,51.8,82,90,13.8,
583,Hlotse,LS,-28.8718,28.045,62.53,35,10,3.31,
584,Haines Junction,CA,60.7522,-137.5108,46.35,36,100,8.05,
585,Shingu,JP,33.7333,135.9833,74.91,94,100,9.22,
586,Kudahuvadhoo,MV,2.6708,72.8944,82.09,78,100,19.57,
587,Machachi,EC,-0.5,-78.5667,63.9,84,88,5.28,
588,Lagos,NG,6.5833,3.75,73.72,92,100,0.98,
589,Amahai,ID,-3.3333,128.9167,80.91,81,100,4.88,
590,Plettenberg Bay,ZA,-34.0527,23.3716,60.04,78,31,6.6,
591,Alyangula,AU,-13.8483,136.4192,82.27,54,57,1.14,
592,Mutoko,ZW,-17.397,32.2268,55.56,43,0,4.92,
593,Nebolchi,RU,59.1239,33.3454,45.37,97,100,7.94,
594,Vicam,MX,27.6333,-110.2833,93.94,38,95,17.2,
595,Najran,SA,17.4924,44.1277,72.25,19,85,2.8,
596,Ravensburg,DE,47.7833,9.6167,65.7,94,75,0.0,
597,Zhicheng,CN,30.2956,111.5047,76.53,85,10,3.49,
598,Paracatu,BR,-17.2222,-46.8747,79.52,35,50,3.65,
599,Belyy Yar,RU,53.6039,91.3903,33.69,86,0,4.47,
600,Luanshya,ZM,-13.1367,28.4166,65.89,38,9,6.24,
601,Mindelo,CV,16.8901,-24.9804,78.35,69,20,13.8,
602,Merrill,US,45.1805,-89.6835,58.42,62,90,6.91,
603,Puerto Rondon,CO,6.2805,-71.1,76.93,82,41,4.94,
604,Luis Correia,BR,-2.8792,-41.6669,79.66,81,39,14.7,
605,Dingle,PH,10.9995,122.6711,81.43,83,92,4.0,
606,Swan River,CA,52.1058,-101.2676,69.69,37,100,2.3,
607,Inhambane,MZ,-23.865,35.3833,68.32,84,0,7.2,
608,Winnemucca,US,40.973,-117.7357,87.85,8,1,17.27,
609,Cockburn Town,TC,21.4612,-71.1419,82.36,65,20,0.0,
610,Rio Grande,BR,-32.035,-52.0986,60.94,93,26,2.26,
611,Changchun,CN,43.88,125.3228,63.14,92,100,4.88,
612,Scarborough,GB,54.2797,-0.4044,64.51,89,95,1.01,
613,Ndele,CF,8.4109,20.6473,69.8,97,100,3.58,
614,Santa Fe,AR,-31.6333,-60.7,67.98,51,0,5.01,
615,Bindura,ZW,-17.3019,31.3306,63.01,39,0,1.68,
616,Mahajanga,MG,-15.7167,46.3167,73.42,60,20,4.61,
617,Vagur,FO,61.4732,-6.8119,52.29,93,100,30.0,
618,Karaton,ID,-6.3424,106.1045,83.95,86,69,2.3,
619,Nouadhibou,MR,20.931,-17.0347,69.78,88,0,16.11,
620,Ewa Beach,US,21.3156,-158.0072,87.75,57,90,20.0,
621,Montreal,CA,45.5088,-73.5878,67.01,68,75,6.91,
622,Save,BJ,8.0425,2.486,74.73,94,100,3.62,
623,Quelimane,MZ,-17.8786,36.8883,71.55,88,40,1.14,
624,Liverpool,GB,53.4106,-2.9779,63.63,85,40,5.75,
625,Terrace,CA,54.5163,-128.6035,60.71,77,75,10.36,
626,Grenada,ES,37.1882,-3.6067,66.45,73,0,1.14,
627,Ruwi,OM,23.5996,58.5507,83.89,57,50,2.93,
628,Tecoanapa,MX,16.5167,-98.75,82.78,80,90,5.77,
629,Malinao,PH,7.5917,124.6889,71.55,84,100,0.58,
630,Marzuq,YE,14.4,46.4667,79.45,34,54,3.65,
631,Trinidad,BO,-14.8333,-64.9,85.98,66,13,0.0,
632,Ouegoa,NC,-20.35,164.4333,77.0,60,29,8.34,
633,Casablanca,MA,33.5928,-7.6192,71.33,68,3,11.01,
634,Hays,US,30.0502,-98.0336,86.92,33,19,1.01,
635,Wajir,KE,1.7471,40.0573,74.62,72,36,17.05,
636,Luau,AO,-10.7073,22.2247,68.56,30,51,2.86,
637,Port Hedland,AU,-20.3167,118.5667,68.05,73,0,4.61,
638,Brae,GB,60.3964,-1.353,55.31,95,96,10.11,
639,Manaus,BR,-3.1019,-60.025,81.09,74,40,3.44,
640,Rabaul,PG,-4.1967,152.1721,84.92,67,87,7.43,
641,Axim,GH,4.8699,-2.2405,76.3,89,98,4.88,
642,Polignano A Mare,IT,40.9959,17.2159,69.03,54,9,4.0,
643,Vila Velha,BR,-20.3297,-40.2925,76.96,64,40,11.5,
644,Belmopan,BZ,17.25,-88.7667,85.28,81,89,4.07,
645,Nabire,ID,-3.3667,135.4833,78.98,88,97,2.35,
646,Praia Da Vitoria,PT,38.7333,-27.0667,71.85,88,90,7.92,
647,Andenes,NO,69.3143,16.1194,40.98,87,39,6.91,
648,Tual,ID,-5.6667,132.75,81.0,81,95,17.4,
649,Osorio,BR,-29.8867,-50.2697,64.17,96,32,4.7,
650,Lima,PE,-12.0432,-77.0282,59.4,86,90,13.8,overcast clouds
651,Ushuaia,AR,-54.8,-68.3,38.86,75,75,25.32,broken clouds
652,Jamestown,US,42.097,-79.2353,60.39,87,90,7.0,overcast clouds
653,Vaini,TO,-21.2,-175.2,75.36,88,40,10.36,scattered clouds
654,Pangnirtung,CA,66.1451,-65.7125,34.43,60,100,2.82,overcast clouds
655,Cape Town,ZA,-33.9258,18.4232,61.27,85,40,5.01,scattered clouds
656,Butaritari,KI,3.0707,172.7902,83.01,75,39,10.47,scattered clouds
657,Ponta Do Sol,PT,32.6667,-17.1,70.43,71,78,3.83,broken clouds
658,Rikitea,PF,-23.1203,-134.9692,73.76,76,58,14.25,broken clouds
659,Hobart,AU,-42.8794,147.3294,52.27,63,20,1.01,few clouds
660,Katsuura,JP,35.1333,140.3,71.19,63,100,15.03,overcast clouds
661,Souillac,MU,-20.5167,57.5167,71.98,78,40,12.66,scattered clouds
662,Kieta,PG,-6.2167,155.6333,82.99,77,21,4.9,moderate rain
663,Hermanus,ZA,-34.4187,19.2345,59.9,91,21,8.46,few clouds
664,La Ronge,CA,55.1001,-105.2842,64.65,45,40,8.05,scattered clouds
665,Hilo,US,19.7297,-155.09,83.93,76,20,14.97,few clouds
666,Provideniya,RU,64.3833,-173.3,33.58,88,99,1.66,overcast clouds
667,Praia,CV,14.9215,-23.5087,79.34,78,75,13.8,broken clouds
668,Sayyan,YE,15.1718,44.3244,60.28,23,90,6.2,overcast clouds
669,Bathsheba,BB,13.2167,-59.5167,81.21,89,40,6.91,scattered clouds
670,Bluff,NZ,-46.6,168.3333,46.8,60,47,14.65,scattered clouds
671,Gamba,GA,-2.65,10.0,75.24,89,97,4.72,overcast clouds
672,Atuona,PF,-9.8,-139.0333,77.94,77,66,19.19,broken clouds
673,Coahuayana,MX,18.7333,-103.6833,76.48,85,92,2.71,overcast clouds
674,Mar Del Plata,AR,-38.0023,-57.5575,58.08,64,40,5.99,scattered clouds
675,Simao,CN,22.7886,100.9748,63.46,96,92,2.06,overcast clouds
676,Nome,US,64.5011,-165.4064,44.67,71,75,14.97,broken clouds
677,New Norfolk,AU,-42.7826,147.0587,51.93,46,22,3.47,few clouds
678,Caravelas,BR,-17.7125,-39.2481,71.56,68,34,8.55,scattered clouds
679,Bredasdorp,ZA,-34.5322,20.0403,60.12,77,16,9.22,few clouds
680,Albany,US,42.6001,-73.9662,63.91,81,95,2.35,overcast clouds
681,Portland,US,45.5234,-122.6762,85.84,37,20,1.01,few clouds
682,Mataura,NZ,-46.1927,168.8643,46.47,88,44,7.05,scattered clouds
683,Hithadhoo,MV,-0.6,73.0833,81.18,77,100,15.66,overcast clouds
684,Kargasok,RU,59.0556,80.8572,35.31,98,100,12.68,light rain
685,Busselton,AU,-33.65,115.3333,52.09,84,73,2.48,broken clouds
686,Alice Springs,AU,-23.7,133.8833,69.35,21,3,11.5,clear sky
687,Gigmoto,PH,13.7796,124.39,84.18,75,52,3.22,broken clouds
688,Jacareacanga,BR,-6.2222,-57.7528,73.9,79,83,2.08,broken clouds
689,Cao Bang,VN,22.6667,106.25,74.37,96,11,1.21,few clouds
690,Alpena,US,45.0617,-83.4327,55.72,84,40,3.44,scattered clouds
691,Bay Roberts,CA,47.5999,-53.2648,48.33,88,100,8.14,overcast clouds
692,Yellowknife,CA,62.456,-114.3525,45.41,80,75,5.01,broken clouds
693,Aksu,CN,41.1231,80.2644,62.78,19,2,6.96,clear sky
694,Bambous Virieux,MU,-20.3428,57.7575,71.85,78,40,12.66,scattered clouds
695,Yerbogachen,RU,61.2767,108.0108,37.2,69,49,14.56,scattered clouds
696,Pevek,RU,69.7008,170.3133,30.94,98,100,15.32,light snow
697,Avera,US,33.194,-82.5271,74.08,54,36,4.32,scattered clouds
698,Furano,JP,43.2818,142.4743,45.9,60,100,2.55,overcast clouds
699,Asau,RO,46.4333,26.4,55.76,84,1,5.57,clear sky
700,Punta Arenas,CL,-53.15,-70.9167,41.11,70,40,18.41,scattered clouds
701,Lata,PT,40.1629,-8.3327,62.82,97,4,2.46,clear sky
702,Ruzhyn,UA,49.7228,29.2046,57.34,81,85,14.63,overcast clouds
703,Rawson,AR,-43.3002,-65.1023,66.65,30,75,22.39,broken clouds
704,Saint-Augustin,CA,51.226,-58.6502,53.92,98,100,15.86,overcast clouds
705,Wuxue,CN,29.8506,115.5525,82.13,75,85,4.52,overcast clouds
706,Belmonte,BR,-15.8631,-38.8828,73.9,77,6,8.9,clear sky
707,Port Alfred,ZA,-33.5906,26.891,61.86,64,87,12.26,overcast clouds
708,Cukai,MY,4.25,103.4167,77.0,91,62,3.2,broken clouds
709,Manggar,ID,-2.8833,108.2667,82.18,76,94,4.56,overcast clouds
710,Obregon,NI,11.9566,-85.9636,84.29,90,100,8.99,overcast clouds
711,San Cristobal,VE,7.7669,-72.225,80.78,99,44,4.65,scattered clouds
712,Saldanha,ZA,-33.0117,17.9442,60.85,94,74,3.04,broken clouds
713,Hasaki,JP,35.7333,140.8333,72.28,57,100,13.0,overcast clouds
714,Los Llanos De Aridane,ES,28.6585,-17.9182,69.55,86,75,5.75,broken clouds
715,Vila Franca Do Campo,PT,37.7167,-25.4333,72.19,91,100,9.42,overcast clouds
716,Kaseda,JP,31.4167,130.3167,72.63,72,67,9.86,broken clouds
717,Lavrentiya,RU,65.5833,-171.0,33.44,81,100,4.54,overcast clouds
718,Botad,IN,22.1667,71.6667,77.0,88,99,8.19,overcast clouds
719,Kapaa,US,22.0752,-159.319,85.98,70,75,5.01,light rain
720,Assiniboia,CA,49.6334,-105.9845,84.02,17,61,12.66,broken clouds
721,Barrow,US,71.2906,-156.7887,26.62,93,90,4.61,overcast clouds
722,Kruisfontein,ZA,-34.0033,24.7314,57.92,66,16,8.28,few clouds
723,Puri,IN,19.8,85.85,84.38,87,100,20.62,overcast clouds
724,East London,ZA,-33.0153,27.9116,65.93,51,50,12.62,scattered clouds
725,Kisangani,CD,0.5167,25.2,68.68,98,81,2.51,broken clouds
726,Aripuana,BR,-9.1667,-60.6333,77.41,74,68,2.39,broken clouds
727,Arraial Do Cabo,BR,-22.9661,-42.0278,70.05,80,48,25.05,scattered clouds
728,Panguna,PG,-6.3164,155.4848,79.41,70,21,2.98,light rain
729,Road Town,VG,18.4167,-64.6167,86.04,74,20,3.44,few clouds
730,Karratha,AU,-20.7377,116.8463,72.54,42,0,14.97,clear sky
731,Victoria,HK,22.2855,114.1577,84.38,77,22,8.99,few clouds
732,Chokurdakh,RU,70.6333,147.9167,33.12,98,100,11.95,overcast clouds
733,Prokhorovka,RU,51.0374,36.7325,49.57,90,100,13.27,light rain
734,Xinqing,CN,48.2333,129.5,56.62,75,0,1.86,clear sky
735,Talnakh,RU,69.4865,88.3972,30.81,69,53,1.57,broken clouds
736,Khatanga,RU,71.9667,102.5,28.29,93,83,10.04,broken clouds
737,Kaitangata,NZ,-46.2817,169.8464,47.25,59,27,11.27,scattered clouds
738,San Patricio,US,28.017,-97.5169,86.72,49,3,10.85,clear sky
739,Puerto Ayora,EC,-0.7393,-90.3518,75.16,89,72,8.34,broken clouds
740,Buzmeyin,TM,38.0507,58.2056,73.13,53,20,6.91,few clouds
741,Cherskiy,RU,68.75,161.3,32.72,97,100,13.44,light snow
742,Bermeo,ES,43.4209,-2.7215,67.24,78,74,4.38,broken clouds
743,Opuwo,NA,-18.0607,13.84,71.96,27,1,2.44,clear sky
744,Cabedelo,BR,-6.9811,-34.8339,75.87,82,16,13.2,few clouds
745,Waddan,LY,29.1614,16.139,69.62,57,0,9.4,clear sky
746,Itoman,JP,26.1247,127.6694,84.22,87,20,8.05,few clouds
747,Matelandia,BR,-25.2408,-53.9964,71.96,40,0,2.8,clear sky
748,Ancud,CL,-41.8697,-73.8203,45.93,66,27,8.16,scattered clouds
749,Ulaanbaatar,MN,47.9077,106.8832,33.93,80,75,11.18,broken clouds
750,Colesberg,ZA,-30.72,25.0972,62.56,18,87,4.76,overcast clouds
751,Chapais,CA,49.7834,-74.8492,58.78,71,95,8.63,overcast clouds
752,Batagay-Alyta,RU,67.8006,130.4114,30.92,78,82,2.55,broken clouds
753,Neryungri,RU,56.6709,124.6491,41.58,77,92,4.59,overcast clouds
754,Lompoc,US,34.6391,-120.4579,83.01,76,1,4.0,clear sky
755,Honiara,SB,-9.4333,159.95,86.88,65,21,5.99,few clouds
756,Kidal,ML,18.4411,1.4078,87.8,10,0,11.27,clear sky
757,Kolosovka,RU,56.4678,73.611,28.24,96,7,7.72,clear sky
758,Qaanaaq,GL,77.484,-69.3632,21.24,70,100,6.49,overcast clouds
759,Sioux Lookout,CA,50.1001,-91.917,55.78,71,75,2.3,broken clouds
760,Aklavik,CA,68.2191,-135.0107,34.63,80,75,14.97,shower rain
761,Muli,MV,2.9167,73.5667,82.42,78,100,20.38,moderate rain
762,Kempsey,AU,-31.0833,152.8333,58.95,88,92,6.76,overcast clouds
763,Pallasovka,RU,50.05,46.8833,53.15,87,100,6.53,overcast clouds
764,Hit,IQ,33.6416,42.8251,73.18,24,0,11.74,clear sky
765,Saint George,US,37.1041,-113.5841,93.54,20,1,8.01,clear sky
766,Dikson,RU,73.5069,80.5464,37.31,77,100,18.57,overcast clouds
767,Cidreira,BR,-30.1811,-50.2056,62.85,90,2,9.33,clear sky
768,Verkhnevilyuysk,RU,63.4453,120.3167,32.68,80,29,5.26,scattered clouds
769,Knoxville,US,35.9606,-83.9207,70.16,79,90,0.0,overcast clouds
770,Flinders,AU,-34.5833,150.8552,60.06,57,92,7.0,overcast clouds
771,Bethel,US,41.3712,-73.414,66.92,86,1,3.44,clear sky
772,Paita,PE,-5.0892,-81.1144,66.76,86,17,16.28,few clouds
773,Piacabucu,BR,-10.4056,-36.4344,73.87,89,16,9.55,few clouds
774,Crailsheim,DE,49.1344,10.0719,63.27,91,72,4.7,broken clouds
775,Saskylakh,RU,71.9167,114.0833,31.98,88,94,17.34,overcast clouds
776,Valparaiso,CL,-33.0393,-71.6273,60.44,66,0,8.05,clear sky
777,Jucas,BR,-6.5253,-39.5275,84.56,31,30,5.57,scattered clouds
778,Datong,CN,40.0936,113.2914,57.54,76,88,3.87,overcast clouds
779,Monrovia,LR,6.3005,-10.7969,77.41,88,100,8.41,moderate rain
780,San Pedro,PH,14.35,121.0167,86.32,76,75,1.14,broken clouds
781,Kisoro,UG,-1.2854,29.685,58.32,94,100,1.48,overcast clouds
782,Mahebourg,MU,-20.4081,57.7,71.89,78,40,12.66,scattered clouds
783,Tuktoyaktuk,CA,69.4541,-133.0374,33.8,93,90,14.97,light rain
784,Kerrobert,CA,51.9168,-109.1348,71.65,37,95,11.41,overcast clouds
785,Grootfontein,NA,-19.5667,18.1167,69.37,19,0,4.61,clear sky
786,Esperance,AU,-33.8667,121.9,55.24,59,74,19.22,broken clouds
787,Thompson,CA,55.7435,-97.8558,51.96,66,90,4.61,overcast clouds
788,Castro,BR,-24.7911,-50.0119,61.29,83,37,2.84,scattered clouds
789,Stromness,GB,58.965,-3.296,59.25,90,48,10.0,scattered clouds
790,Coari,BR,-4.085,-63.1414,76.57,83,97,2.86,light rain
791,Avarua,CK,-21.2078,-159.775,75.25,94,75,14.97,light rain
792,Mwinilunga,ZM,-11.7358,24.4293,64.58,31,61,2.3,broken clouds
793,Sawakin,SD,19.1059,37.3321,84.94,62,29,7.47,scattered clouds
794,Kuala Terengganu,MY,5.3302,103.1408,75.15,94,20,0.0,few clouds
795,Bengkulu,ID,-3.8004,102.2655,74.8,95,100,1.19,moderate rain
796,Loralai,PK,30.3705,68.598,71.15,53,0,1.48,clear sky
797,Sinnamary,GF,5.3833,-52.95,79.7,85,13,10.11,few clouds
798,Karlstad,SE,59.3793,13.5036,41.56,100,25,0.0,scattered clouds
799,Rezekne,LV,56.5,27.3167,45.36,97,24,10.78,few clouds
800,Moron,AR,-34.6534,-58.6198,64.02,85,2,1.99,clear sky
801,Soteapan,MX,18.2333,-94.8667,81.03,88,93,5.39,overcast clouds
802,Kahului,US,20.8947,-156.47,85.26,76,40,21.85,light rain
803,Derzhavinsk,KZ,51.1,66.3167,53.6,29,100,9.24,overcast clouds
804,Bunia,CD,1.5667,30.25,62.13,93,100,1.77,overcast clouds
805,Palembang,ID,-2.9167,104.7458,77.09,94,20,3.44,few clouds
806,Airai,TL,-8.9266,125.4092,70.97,47,63,2.44,broken clouds
807,Miri,MY,4.4148,114.0089,78.94,94,40,2.3,scattered clouds
808,Grand Gaube,MU,-20.0064,57.6608,72.0,75,4,4.0,clear sky
809,Rocha,UY,-34.4833,-54.3333,53.89,98,28,2.59,scattered clouds
810,Constitucion,CL,-35.3333,-72.4167,51.8,90,20,6.87,few clouds
811,Chuy,UY,-33.6971,-53.4616,58.86,96,78,4.18,broken clouds
812,Lorengau,PG,-2.0226,147.2712,85.39,66,69,7.14,broken clouds
813,Kodiak,US,57.79,-152.4072,45.91,53,75,6.91,broken clouds
814,Marsabit,KE,2.3284,37.9899,63.01,78,20,20.6,few clouds
815,Gupitan,PH,7.7758,125.6406,78.53,85,100,0.98,overcast clouds
816,Severo-Kurilsk,RU,50.6789,156.125,48.65,88,98,12.71,overcast clouds
817,Odesskoye,RU,54.2111,72.9651,32.77,77,8,8.46,clear sky
818,Camabatela,AO,-8.1881,15.375,62.82,91,82,5.93,broken clouds
819,Fortuna,US,40.5982,-124.1573,74.43,68,20,4.0,few clouds
820,Kingsland,US,30.8,-81.6898,77.95,74,16,3.58,few clouds
821,Port Macquarie,AU,-31.4333,152.9167,57.16,94,90,9.22,overcast clouds
822,Port Lincoln,AU,-34.7333,135.8667,55.35,65,15,17.13,few clouds
823,Norman Wells,CA,65.282,-126.8329,35.64,87,90,17.27,light snow
824,Jiblah,YE,13.9216,44.1467,64.02,58,50,2.1,scattered clouds
825,Saint-Prosper,CA,46.2117,-70.4811,61.68,86,88,3.87,overcast clouds
826,Arrecife,ES,28.963,-13.5477,73.47,73,20,8.05,few clouds
827,Erzin,TR,36.9559,36.2,67.01,37,0,3.18,clear sky
828,Bosaso,SO,11.2842,49.1816,91.29,42,71,16.58,broken clouds
829,Touros,BR,-5.1989,-35.4608,79.7,81,12,15.39,few clouds
830,Manokwari,ID,-0.8667,134.0833,82.94,68,100,3.85,overcast clouds
831,Tomatlan,MX,19.9333,-105.25,82.85,81,58,3.83,broken clouds
832,College,US,64.8569,-147.8028,35.58,88,75,0.0,light rain
833,Aksarka,RU,66.5606,67.7975,30.49,86,17,6.82,few clouds
834,Nioro,GM,13.35,-15.75,77.52,89,53,4.88,broken clouds
835,Sakakah,SA,29.9697,40.2064,78.37,36,0,8.28,clear sky
836,Anshun,CN,26.25,105.9333,63.73,94,60,8.68,broken clouds
837,Longyearbyen,SJ,78.2186,15.6401,39.04,87,75,4.61,light intensity drizzle
838,Manhumirim,BR,-20.3578,-41.9581,63.72,73,44,3.04,scattered clouds
839,Dicabisagan,PH,17.0818,122.4157,82.94,78,47,6.2,scattered clouds
840,Blama,SL,7.8736,-11.3433,72.5,99,99,0.76,moderate rain
841,Pacific Grove,US,36.6177,-121.9166,80.6,81,1,1.01,clear sky
842,Kutina,HR,45.475,16.7819,57.18,79,1,2.53,clear sky
843,Takoradi,GH,4.8845,-1.7554,76.05,90,100,5.61,light rain
844,Beitbridge,ZW,-22.2167,30.0,68.02,39,0,4.97,clear sky
845,Iqaluit,CA,63.7506,-68.5145,33.53,86,90,11.01,overcast clouds
846,Alofi,NU,-19.0595,-169.9187,76.89,57,9,6.91,clear sky
847,Melrose,US,42.4584,-71.0662,69.31,79,90,1.99,overcast clouds
848,Westport,US,41.1415,-73.3579,69.98,81,39,2.62,scattered clouds
849,Christchurch,NZ,-43.5333,172.6333,50.83,71,75,17.27,broken clouds
850,Cabo San Lucas,MX,22.8909,-109.9124,91.51,73,37,8.57,scattered clouds
851,Auki,SB,-8.7676,160.7034,86.67,64,24,2.66,few clouds
852,Goderich,CA,43.7501,-81.7165,57.52,62,54,6.91,broken clouds
853,Gijon,ES,43.5357,-5.6615,63.81,91,67,7.0,broken clouds
854,Keti Bandar,PK,24.1447,67.4497,81.43,84,38,5.91,scattered clouds
855,Vestmannaeyjar,IS,63.4427,-20.2734,40.5,81,100,3.94,overcast clouds
856,Cervo,ES,43.6702,-7.4101,64.96,82,32,9.53,scattered clouds
857,Faya,SA,18.3851,42.4509,64.92,25,23,6.82,few clouds
858,Pimentel,PE,-6.8367,-79.9342,62.89,82,90,17.27,overcast clouds
859,Saint Anthony,US,45.0205,-93.218,69.73,32,1,1.99,clear sky
860,Upernavik,GL,72.7868,-56.1549,19.98,69,1,5.53,clear sky
861,Clyde River,CA,70.4692,-68.5914,27.28,84,50,5.55,scattered clouds
862,Corn Island,NI,12.1694,-83.0418,80.42,81,100,18.75,light rain
863,Nuuk,GL,64.1835,-51.7216,30.81,55,0,6.91,clear sky
864,Opoczno,PL,51.3757,20.2783,62.22,89,98,5.26,overcast clouds
865,Rawah,IQ,34.4816,41.9093,70.93,26,0,10.42,clear sky
866,Marechal Candido Rondon,BR,-24.5561,-54.0567,72.25,42,0,5.23,clear sky
867,Sitka,US,57.0531,-135.33,51.69,71,90,3.44,overcast clouds
868,Enshi,CN,30.3,109.4833,75.25,87,4,0.11,clear sky
869,Ransang,PH,8.9603,117.5828,82.08,77,65,0.78,broken clouds
870,Cayenne,GF,4.9333,-52.3333,83.08,80,39,4.0,scattered clouds
871,Tsiroanomandidy,MG,-18.7667,46.0333,66.02,66,81,4.83,broken clouds
872,Aswan,EG,24.0934,32.907,79.9,38,0,12.66,clear sky
873,Itarema,BR,-2.9248,-39.9167,78.98,78,23,18.1,few clouds
874,Mattru,SL,7.6244,-11.8332,74.3,97,93,2.44,light rain
875,Paamiut,GL,61.994,-49.6678,34.45,67,0,5.39,clear sky
876,Kaeo,NZ,-35.1,173.7833,60.66,83,48,6.15,scattered clouds
877,Saint-Philippe,RE,-21.3585,55.7679,69.39,86,44,13.4,light rain
878,Tonekabon,IR,36.8163,50.8738,71.55,95,93,5.95,overcast clouds
879,Lebu,CL,-37.6167,-73.65,48.99,84,20,9.78,few clouds
880,Rosetta,EG,31.4044,30.4164,71.64,67,0,5.88,clear sky
881,Beringovskiy,RU,63.05,179.3167,36.14,58,73,5.28,broken clouds
882,Wawa,NG,9.9022,4.4192,74.41,88,79,5.23,broken clouds
883,Senanga,ZM,-16.1167,23.2667,66.56,25,2,6.53,clear sky
884,Comodoro Rivadavia,AR,-45.8667,-67.5,51.66,62,0,24.16,clear sky
885,Markova,UA,48.6758,24.4138,50.29,78,0,7.23,clear sky
886,Baruun-Urt,MN,46.6806,113.2792,58.01,85,89,9.62,light rain
887,Carnarvon,AU,-24.8667,113.6333,68.07,68,40,10.36,scattered clouds
888,Sept-Iles,CA,50.2001,-66.3821,53.06,95,75,3.0,broken clouds
889,Horodnytsya,UA,50.807,27.3168,57.7,84,92,10.18,overcast clouds
890,Kodumudi,IN,11.0775,77.8836,77.43,83,100,8.68,moderate rain
891,Treinta Y Tres,UY,-33.2333,-54.3833,55.38,95,57,6.08,broken clouds
892,Tasiilaq,GL,65.6145,-37.6368,37.56,61,100,10.2,overcast clouds
893,Muros,ES,42.7762,-9.0603,64.99,92,18,5.88,few clouds
894,Chauk,MM,20.8833,94.8167,77.07,91,56,1.68,broken clouds
895,Laguna,US,38.421,-121.4238,98.13,35,1,4.0,clear sky
896,Greenwood,US,34.1668,-82.1165,72.19,73,1,3.44,clear sky
897,Barinas,VE,8.6226,-70.2075,85.69,83,31,3.04,scattered clouds
898,Esmeralda,CU,21.8525,-78.1169,79.84,85,58,6.33,broken clouds
899,Manali,IN,13.1667,80.2667,78.89,71,85,5.7,overcast clouds
900,Valenca Do Piaui,BR,-6.4075,-41.7456,86.49,34,95,8.68,overcast clouds
901,Sembakung,ID,3.8167,117.25,78.73,90,86,1.9,overcast clouds
902,Birao,CF,10.2849,22.7882,71.24,94,89,1.63,light rain
903,Camacha,PT,33.0833,-16.3333,67.42,73,40,0.0,scattered clouds
904,Cruzilia,BR,-21.8386,-44.8083,61.7,90,78,6.78,moderate rain
905,Tutoia,BR,-2.7619,-42.2744,79.47,82,62,14.43,broken clouds
906,Ahipara,NZ,-35.1667,173.1667,59.09,89,83,6.33,broken clouds
907,Georgetown,MY,5.4112,100.3354,79.9,87,20,3.0,few clouds
908,Umm Kaddadah,SD,13.6017,26.6876,80.87,59,96,7.72,overcast clouds
909,Zachary,US,30.6485,-91.1565,82.06,57,1,6.91,clear sky
910,Nikolskoye,RU,59.7035,30.7861,48.09,92,99,8.84,overcast clouds
911,Staryy Nadym,RU,65.6118,72.6842,31.93,79,0,6.06,clear sky
912,Hobbs,US,32.7026,-103.136,81.07,27,100,5.01,overcast clouds
913,Ugoofaaru,MV,5.6667,73.0,80.76,81,100,21.94,overcast clouds
914,Shache,CN,38.4167,77.2406,63.81,24,0,4.83,clear sky
915,Torbay,CA,47.6666,-52.7314,47.57,87,20,10.36,few clouds
916,Cartagena Del Chaira,CO,1.3349,-74.8429,70.45,93,90,2.75,overcast clouds
917,Clonakilty,IE,51.6231,-8.8706,60.1,94,94,13.02,overcast clouds
918,Pauini,BR,-7.7136,-66.9764,79.0,72,69,2.62,broken clouds
919,Marsa Matruh,EG,31.3525,27.2453,70.99,65,3,6.93,clear sky
920,Seremban,MY,2.7297,101.9381,78.35,92,91,2.71,overcast clouds
921,Visby,SE,57.6409,18.296,47.95,100,9,0.0,clear sky
922,Paka,MY,4.6374,103.4368,76.98,94,20,0.0,few clouds
923,Tupik,RU,54.4253,119.9327,50.22,90,100,8.16,overcast clouds
924,Port Elizabeth,ZA,-33.918,25.5701,62.89,67,0,13.8,clear sky
925,Tebingtinggi,ID,3.3285,99.1625,75.31,95,90,1.45,overcast clouds
926,Pathanamthitta,IN,9.2667,76.7833,74.1,98,100,2.15,overcast clouds
927,Dunmore Town,BS,25.5,-76.65,83.01,74,99,7.27,overcast clouds
928,Iskateley,RU,67.6803,53.1512,43.5,84,100,15.64,overcast clouds
929,Leningradskiy,RU,69.3833,178.4167,30.06,73,100,5.28,overcast clouds
930,Hobyo,SO,5.3505,48.5268,77.23,85,98,21.23,overcast clouds
931,Grindavik,IS,63.8424,-22.4338,40.95,75,40,25.32,scattered clouds
932,Les Cayes,HT,18.2,-73.75,80.89,78,17,3.62,few clouds
933,Sao Filipe,CV,14.8961,-24.4956,78.26,76,35,2.53,scattered clouds
934,Tuatapere,NZ,-46.1333,167.6833,46.81,71,66,10.71,broken clouds
935,Tateyama,JP,34.9833,139.8667,71.87,63,100,14.27,light rain
936,Turukhansk,RU,65.8167,87.9833,30.6,82,47,7.38,scattered clouds
937,Lakatoro,VU,-16.0999,167.4164,79.03,77,53,11.59,broken clouds
938,Port Blair,IN,11.6667,92.75,81.07,84,100,11.14,overcast clouds
939,Eyl,SO,7.9803,49.8164,77.25,76,68,19.15,broken clouds
940,Domoni,KM,-12.2569,44.5319,75.81,74,28,1.5,scattered clouds
941,Ulladulla,AU,-35.35,150.4667,59.88,49,59,9.26,broken clouds
942,Krutinka,RU,56.0055,71.5113,32.47,87,5,9.1,clear sky
943,Moctezuma,MX,29.8,-109.6667,85.35,45,100,3.36,overcast clouds
944,Te Anau,NZ,-45.4167,167.7167,43.83,71,32,2.59,scattered clouds
945,Coihaique,CL,-45.5752,-72.0662,37.35,87,40,2.3,scattered clouds
946,Sardice,CZ,48.964,17.0281,60.37,75,3,3.87,clear sky
947,Omboue,GA,-1.5746,9.2618,76.32,90,95,7.61,overcast clouds
948,Tessalit,ML,20.1986,1.0114,85.86,10,0,11.88,clear sky
949,Luderitz,NA,-26.6481,15.1594,61.34,51,26,12.95,scattered clouds
950,Okhotsk,RU,59.3833,143.3,49.23,57,97,15.88,overcast clouds
951,Padang,ID,-0.9492,100.3543,75.25,88,97,3.91,overcast clouds
952,Vanavara,RU,60.34,102.2797,34.99,98,79,5.3,light rain
953,Tigil,RU,57.8,158.6667,50.41,59,45,6.87,scattered clouds
954,Bintulu,MY,3.1667,113.0333,77.41,94,20,3.0,few clouds
955,Key West,US,24.5557,-81.7826,89.6,62,20,5.75,few clouds
956,Verkhnyaya Inta,RU,65.9811,60.3094,36.84,74,71,13.33,broken clouds
957,Altamont,US,42.2068,-121.7372,85.89,19,1,1.01,clear sky
958,Borba,BR,-4.3878,-59.5939,75.34,82,93,2.82,moderate rain
959,Ayan,RU,56.45,138.1667,51.75,52,59,16.55,broken clouds
960,Atlantic City,US,39.3643,-74.4229,69.98,71,1,4.61,clear sky
961,Tongzi,CN,28.7829,105.0877,77.74,81,39,0.92,scattered clouds
962,Manadhoo,MV,5.7667,73.3833,81.39,79,99,20.51,overcast clouds
963,Neuquen,AR,-38.9516,-68.0591,67.89,28,0,17.27,clear sky
964,Soyo,AO,-6.1349,12.3689,75.02,85,85,5.73,overcast clouds
965,Gordeyevka,RU,52.9569,31.9703,49.19,96,47,13.04,scattered clouds
966,Bila Krynytsya,UA,50.6398,29.4704,59.25,89,91,11.79,overcast clouds
967,Padampur,IN,29.6833,73.6167,85.37,61,30,4.52,scattered clouds
968,Saint-Joseph,RE,-21.3667,55.6167,68.38,81,22,13.67,light rain
969,Bilma,NE,18.6853,12.9164,85.78,15,1,11.25,clear sky
970,Namuac,PH,18.6109,121.1657,83.08,80,36,8.05,scattered clouds
971,Kavieng,PG,-2.5744,150.7967,83.89,75,47,13.56,light rain
972,Mirnyy,RU,62.5353,113.9611,34.11,81,66,11.36,broken clouds
973,Gornopravdinsk,RU,60.05,69.9,28.6,89,10,4.45,clear sky
974,Santa Cruz De La Palma,ES,28.6835,-17.7642,73.54,68,75,5.75,broken clouds
975,Jumla,NP,29.2747,82.1838,57.83,87,87,4.05,overcast clouds
976,Kirakira,SB,-10.4544,161.9205,85.33,70,57,8.41,broken clouds
977,Ilulissat,GL,69.2167,-51.1,23.02,54,75,2.3,broken clouds
978,Praya,CV,14.9215,-23.5087,79.34,78,75,13.8,broken clouds
979,Seoul,KR,37.5683,126.9778,69.37,80,0,3.44,clear sky
980,Khasan,RU,42.4308,130.6434,63.27,87,79,2.82,broken clouds
981,Lagoa,PT,39.05,-27.9833,70.41,83,100,6.69,overcast clouds
982,Popondetta,PG,-8.7537,148.2534,89.11,50,30,3.15,scattered clouds
983,Bulungu,CD,-4.55,18.6,72.07,79,31,1.9,scattered clouds
984,Beira,MZ,-19.8436,34.8389,64.49,94,0,4.61,clear sky
985,Krasnoselkup,RU,65.7,82.4667,30.04,90,7,9.33,clear sky
986,Isangel,VU,-19.55,169.2667,75.31,73,75,5.75,broken clouds
987,Botou,CN,38.0667,116.5667,65.12,97,100,9.51,light rain
988,Olga,RU,43.7444,135.2892,62.74,73,100,0.81,overcast clouds
989,Nishihara,JP,26.1842,127.7558,83.48,89,20,6.91,few clouds
990,Olafsvik,IS,64.8945,-23.7142,42.03,77,93,40.13,overcast clouds
991,Nanortalik,GL,60.1432,-45.2371,37.47,76,2,6.38,clear sky
992,Umm Lajj,SA,25.0213,37.2685,82.04,60,2,13.31,clear sky
993,Vardo,NO,70.3705,31.1107,46.09,86,55,9.01,broken clouds
994,Vinnytsya,UA,49.2328,28.481,58.5,69,47,11.88,scattered clouds
995,Lensk,RU,60.7253,114.9278,38.34,71,100,14.92,overcast clouds
996,Ghanzi,BW,-21.5667,21.7833,70.2,14,0,10.22,clear sky
997,Samarai,PG,-10.6167,150.6667,80.38,85,54,12.5,broken clouds
998,Katobu,ID,-4.9408,122.5276,80.89,76,87,4.79,overcast clouds
999,Cenotillo,MX,20.9667,-88.6167,77.83,85,70,7.85,broken clouds
1000,Nerchinskiy Zavod,RU,51.3088,119.61,51.22,86,100,4.45,light rain
1001,Port Augusta,AU,-32.5,137.7667,59.7,30,2,11.54,clear sky
1002,Nizwa,OM,22.9333,57.5333,83.52,35,94,1.66,overcast clouds
1003,Whitehorse,CA,60.7161,-135.0538,47.17,42,75,8.01,broken clouds
1004,Codrington,AU,-38.2667,141.9667,53.19,58,54,5.46,broken clouds
1005,Kununurra,AU,-15.7667,128.7333,76.98,61,17,0.0,few clouds
1006,Cayeli,TR,41.0923,40.7292,60.58,75,74,5.97,light rain
1007,Luwuk,ID,-0.9516,122.7875,81.75,74,94,6.06,overcast clouds
1008,Sorland,NO,67.667,12.6934,49.37,74,94,17.25,overcast clouds
1009,Mount Gambier,AU,-37.8333,140.7667,49.91,76,90,5.75,overcast clouds
1010,Fairbanks,US,64.8378,-147.7164,35.6,87,75,0.0,light rain
1011,Port Moresby,PG,-9.4431,147.1797,83.62,74,40,5.75,scattered clouds
1012,Lakes Entrance,AU,-37.8811,147.981,55.17,54,55,2.98,broken clouds
1013,Hoopstad,ZA,-27.8327,25.9083,65.73,28,35,4.32,scattered clouds
1014,Iracoubo,GF,5.4802,-53.2011,81.18,80,9,10.71,clear sky
1015,Ixtapa,MX,20.7,-105.2,85.23,78,50,4.0,scattered clouds
1016,Godda,IN,24.8333,87.2167,83.59,73,100,4.14,overcast clouds
1017,Talara,PE,-4.5772,-81.2719,66.96,82,0,13.8,clear sky
1018,Husavik,IS,66.0449,-17.3389,37.31,93,100,16.22,light rain
1019,Chipinge,ZW,-20.1883,32.6236,56.05,58,0,4.09,clear sky
1020,Port Hawkesbury,CA,45.6169,-61.3485,64.9,96,90,7.0,overcast clouds
1021,Prince Rupert,CA,54.3161,-130.3201,53.69,86,90,4.61,overcast clouds
1022,Neiafu,TO,-18.65,-173.9833,77.68,53,40,6.91,scattered clouds
1023,Jinxiang,CN,27.4327,120.6062,75.61,78,48,4.85,scattered clouds
1024,Casma,CL,-41.0082,-73.1244,47.8,82,51,4.47,broken clouds
1025,Narsaq,GL,60.9167,-46.05,35.82,61,0,6.89,clear sky
1026,Pachino,IT,36.7186,15.0907,71.64,80,1,6.51,clear sky
1027,Paro,BT,27.4305,89.4133,56.66,91,51,4.0,broken clouds
1028,Bukachacha,RU,52.9833,116.9167,50.56,97,100,10.54,moderate rain
1029,Lahij,YE,13.1667,44.5833,84.76,52,28,4.63,scattered clouds
1030,Mahibadhoo,MV,3.7833,72.9667,81.07,79,96,19.95,overcast clouds
1031,Labytnangi,RU,66.6572,66.4183,29.25,89,54,3.15,broken clouds
1032,Ngunguru,NZ,-35.6167,174.5,60.17,82,49,5.91,scattered clouds
1033,Buala,SB,-8.145,159.5921,84.29,73,48,7.54,light rain
1034,Lingao,CN,19.9103,109.6859,81.23,80,90,12.93,overcast clouds
1035,San Quintin,MX,30.4833,-115.95,70.68,75,85,10.22,overcast clouds
1036,Sharjah,AE,25.3573,55.4033,91.38,69,0,5.75,clear sky
1037,Klaksvik,FO,62.2266,-6.589,52.72,93,100,29.08,overcast clouds
1038,Clarksburg,US,39.2807,-80.3445,65.93,79,75,5.75,broken clouds
1039,Zyryanka,RU,65.75,150.85,36.43,78,98,16.37,overcast clouds
1040,Usogorsk,RU,63.4106,48.6872,44.53,97,100,5.99,overcast clouds
1041,Abu Dhabi,AE,24.4667,54.3667,87.82,62,0,0.0,clear sky
1042,Rio Gallegos,AR,-51.6226,-69.2181,44.65,45,40,18.41,scattered clouds
1043,Ribeira Grande,PT,38.5167,-28.7,71.56,84,100,5.61,overcast clouds
1044,Zhigansk,RU,66.7697,123.3711,33.57,83,65,13.67,broken clouds
1045,Anloga,GH,5.7947,0.8973,73.62,84,96,5.17,moderate rain
1046,Egvekinot,RU,66.3167,-179.1667,24.28,66,88,3.33,overcast clouds
1047,Pangai,TO,-19.8,-174.35,72.81,58,71,9.13,broken clouds
1048,Morwell,AU,-38.2333,146.4,56.91,74,7,3.65,clear sky
1049,Nouakchott,MR,18.0858,-15.9785,78.73,76,40,12.33,scattered clouds
1050,Broome,US,42.2506,-75.833,63.18,72,100,3.2,overcast clouds
1051,Acapulco,MX,16.8634,-99.8901,85.82,74,90,6.91,overcast clouds
1052,Chuguyevka,RU,44.1653,133.8633,55.38,94,100,2.77,overcast clouds
1053,Tautira,PF,-17.7333,-149.15,82.0,78,11,12.41,light rain
1054,Salihorsk,BY,52.7876,27.5415,47.32,96,14,10.29,few clouds
1055,Berlevag,NO,70.8578,29.0864,45.95,86,98,10.25,overcast clouds
1056,Richards Bay,ZA,-28.783,32.0377,68.86,73,1,13.11,clear sky
1057,Dolores,AR,-36.3132,-57.6792,52.5,96,11,7.65,few clouds
1058,Lamlash,GB,55.5336,-5.1296,63.28,98,100,12.06,overcast clouds
1059,Kotido,UG,2.9806,34.1331,69.35,69,88,5.39,overcast clouds
1060,Grand-Lahou,CI,5.1367,-5.0242,76.12,91,100,10.98,moderate rain
1061,Innisfail,AU,-17.5333,146.0333,76.57,65,71,4.29,broken clouds
1062,Diapaga,BF,12.0708,1.7889,77.36,79,12,7.16,few clouds
1063,Lumeje,AO,-11.55,20.7833,66.52,24,16,1.59,few clouds
1064,Mancio Lima,BR,-7.6142,-72.8958,77.07,88,90,8.05,overcast clouds
1065,Sabha,LY,27.0377,14.4283,73.71,33,0,9.6,clear sky
1066,Hunterville,NZ,-39.9333,175.5667,60.24,78,72,9.6,broken clouds
1067,Avare,BR,-23.0986,-48.9258,65.43,71,7,8.68,clear sky
1068,Sorong,ID,-0.8833,131.25,81.19,78,98,5.59,overcast clouds
1069,Roald,NO,62.5833,6.1333,57.9,72,90,12.66,overcast clouds
1070,Wana,PK,32.2989,69.5725,71.71,67,0,2.35,clear sky
1071,Porto Nacional,BR,-10.7081,-48.4172,75.2,57,95,4.18,overcast clouds
1072,Corvallis,US,44.5646,-123.262,85.68,55,3,1.99,clear sky
1073,Flin Flon,CA,54.7682,-101.865,64.24,42,40,11.5,scattered clouds
1074,Adrar,MR,20.5022,-10.0711,93.18,23,65,3.96,broken clouds
1075,Valdivia,CL,-39.8142,-73.2459,50.09,97,55,1.97,broken clouds
1076,Naron,ES,43.5167,-8.1528,65.59,91,56,8.84,broken clouds
1077,Labuhan,ID,-6.8844,112.2051,79.2,82,98,7.34,overcast clouds
1078,Baoding,CN,38.8511,115.4903,64.29,85,100,4.97,light rain
1079,Galveston,US,29.3669,-94.9669,85.17,58,1,5.75,clear sky
1080,Yagodnoye,RU,62.55,149.6667,33.73,95,100,6.11,light rain
1081,Puerto Narino,CO,-3.7703,-70.3831,76.95,95,80,3.13,heavy intensity rain
1082,Nicolas Bravo,MX,18.45,-88.9167,85.08,90,64,3.74,broken clouds
1083,Trincomalee,LK,8.5711,81.2335,81.16,74,92,18.75,overcast clouds
1084,Quatre Cocos,MU,-20.2078,57.7625,71.71,77,27,16.98,scattered clouds
1085,Peto,MX,20.1333,-88.9167,81.64,69,79,2.95,broken clouds
1086,Champerico,GT,14.3,-91.9167,84.34,73,98,4.05,overcast clouds
1087,Presidencia Roque Saenz Pena,AR,-26.7852,-60.4388,66.85,43,0,6.69,clear sky
1088,Lac Du Bonnet,CA,50.2536,-96.0612,61.93,39,98,4.32,overcast clouds
1089,Anadyr,RU,64.75,177.4833,32.5,69,75,5.99,broken clouds
1090,Geraldton,AU,-28.7667,114.6,63.12,59,90,13.8,overcast clouds
1091,Nelson Bay,AU,-32.7167,152.15,59.95,71,100,1.99,overcast clouds
1092,Dasoguz,TM,41.8363,59.9666,66.15,45,37,11.5,scattered clouds
1093,Harper,LR,4.375,-7.7169,77.29,87,100,9.04,light rain
1094,Nyagan,RU,62.1406,65.3936,30.67,90,95,5.57,overcast clouds
1095,Victor Harbor,AU,-35.5667,138.6167,57.9,70,1,12.48,clear sky
1096,Aykhal,RU,66.0,111.5,31.3,74,58,7.02,broken clouds
1097,Guilin,CN,25.2819,110.2864,71.71,79,1,0.67,clear sky
1098,San Juan,AR,-31.5375,-68.5364,75.72,15,0,7.63,clear sky
1099,Saint-Leu,RE,-21.15,55.2833,68.86,71,8,6.55,clear sky
1100,Boa Vista,BR,2.8197,-60.6733,85.98,62,40,5.75,scattered clouds
1101,Sirjan,IR,29.452,55.6814,68.88,17,1,3.2,clear sky
1102,Carutapera,BR,-1.195,-46.02,79.34,80,100,10.0,overcast clouds
1103,Chitungwiza,ZW,-18.0127,31.0756,59.45,43,0,7.14,clear sky
1104,Darnah,LY,32.767,22.6367,72.7,67,1,11.32,clear sky
1105,Bayji,IQ,34.9311,43.487,72.79,19,0,9.66,clear sky
1106,Lyngdal,NO,58.1376,7.07,53.89,81,98,2.51,overcast clouds
1107,Taree,AU,-31.9,152.4667,58.86,82,75,12.66,broken clouds
1108,Ostrovnoy,RU,68.0531,39.5131,44.78,83,91,5.44,overcast clouds
1109,Saulkrasti,LV,57.2622,24.4147,48.79,80,2,15.43,clear sky
1110,Ledyard,US,41.4398,-72.0142,69.04,77,90,0.0,overcast clouds
1111,Mitsamiouli,KM,-11.3847,43.2844,75.7,75,13,5.73,few clouds
1112,Zaysan,KZ,47.4667,84.8667,36.12,35,64,2.64,broken clouds
1113,Sao Joao Dos Patos,BR,-6.495,-43.7022,84.51,33,86,2.86,overcast clouds
1114,Adre,TD,13.4667,22.2,73.96,54,46,4.7,scattered clouds
1115,Kavaratti,IN,10.5669,72.642,81.43,79,83,18.57,broken clouds
1116,Bridgetown,BB,13.1,-59.6167,81.09,89,40,6.91,scattered clouds
1117,Vrangel,RU,42.7297,133.0839,63.37,74,59,1.32,broken clouds
1118,Ulaangom,MN,49.9811,92.0667,35.24,49,90,5.91,overcast clouds
1119,Yumen,CN,40.2833,97.2,49.05,34,0,7.23,clear sky
1120,Alto Araguaia,BR,-17.3147,-53.2153,83.8,29,96,9.06,overcast clouds
1121,Merauke,ID,-8.4667,140.3333,81.55,78,94,9.57,overcast clouds
1122,Chicama,PE,-7.8447,-79.1469,59.54,81,58,7.45,broken clouds
1123,Vila,PT,42.0304,-8.1588,54.48,94,55,4.79,broken clouds
1124,Hamilton,US,39.1834,-84.5333,65.95,59,3,3.65,clear sky
1125,Torrington,US,41.8007,-73.1212,65.23,88,38,1.61,scattered clouds
1126,Koboko,UG,3.4136,30.9599,58.75,94,89,1.12,overcast clouds
1127,Emba,KZ,48.8264,58.1442,59.05,47,85,10.04,overcast clouds
1128,Kachug,RU,53.9606,105.8817,35.92,86,100,5.86,overcast clouds
1129,Melbu,NO,68.5044,14.8297,46.31,83,58,7.4,broken clouds
1130,Kijang,KR,35.2442,129.2139,73.13,69,99,16.6,overcast clouds
1131,Kaka,TM,37.3482,59.6143,74.48,47,0,7.45,clear sky
1132,Ilhabela,BR,-23.7781,-45.3581,67.1,91,54,2.68,broken clouds
1133,Bosanska Dubica,BA,45.1767,16.8094,53.71,76,2,2.68,clear sky
1134,Den Helder,NL,52.9599,4.7593,64.38,88,90,5.75,mist
1135,Boende,CD,-0.2167,20.8667,68.88,98,73,1.05,light rain
1136,Chokwe,MZ,-24.5333,32.9833,67.51,78,1,6.42,clear sky
1137,Khrebtovaya,RU,56.7032,104.2494,26.89,84,96,3.65,overcast clouds
1138,Guerrero Negro,MX,27.9769,-114.0611,74.08,69,61,17.4,broken clouds
1139,Bereda,ES,43.2686,-7.5406,60.91,100,54,3.71,broken clouds
1140,Prainha,BR,-1.8,-53.48,80.33,64,82,3.0,broken clouds
1141,Zeya,RU,53.75,127.2667,56.19,79,100,3.62,overcast clouds
1142,San Miguel,SV,13.4833,-88.1833,89.2,66,40,0.0,scattered clouds
1143,Capelinha,BR,-17.6914,-42.5158,64.76,57,14,5.03,few clouds
1144,Mexico,PH,15.0646,120.7198,84.22,78,8,3.85,clear sky
1145,Palora,EC,-1.7,-77.9333,68.11,87,100,1.72,overcast clouds
1146,Banda Aceh,ID,5.5577,95.3222,79.09,81,100,11.36,overcast clouds
1147,High Level,CA,58.5169,-117.136,60.91,31,40,6.91,scattered clouds
1148,Upata,VE,8.0086,-62.3989,71.26,92,82,3.94,broken clouds
1149,Hanyang,CN,32.1371,105.5126,64.89,95,100,9.26,light rain
1150,Shemonaikha,KZ,50.6328,81.9056,34.05,62,2,5.97,clear sky
1151,Timra,SE,62.487,17.3257,43.68,79,23,2.3,few clouds
1152,Grand-Santi,GF,4.25,-54.3833,76.71,77,65,1.61,broken clouds
1153,Mana,GF,5.6592,-53.7767,80.76,84,10,9.42,clear sky
1154,Mari-Turek,RU,56.7895,49.6235,43.84,93,99,1.88,overcast clouds
1155,Saint-Ambroise,CA,48.5501,-71.3324,60.58,77,53,3.44,broken clouds
1156,Kawalu,ID,-7.3817,108.2082,74.3,91,82,2.28,broken clouds
1157,Kaili,ID,-3.4626,120.2147,73.08,81,69,1.77,broken clouds
1158,Sheridan,US,44.8333,-106.9173,88.18,13,1,3.44,clear sky
1159,Vostok,RU,46.4856,135.8833,56.37,56,95,0.85,overcast clouds
1160,Ambilobe,MG,-13.2,49.05,65.48,78,8,3.18,clear sky
1161,Matamoros,MX,25.5333,-103.25,88.11,26,71,19.13,broken clouds
1162,Havoysund,NO,70.9963,24.6622,45.48,86,95,18.39,overcast clouds
1163,Nusaybin,TR,37.0778,41.2178,66.83,33,0,12.01,clear sky
1164,Sur,OM,22.5667,59.5289,84.99,62,100,6.78,overcast clouds
1165,Sambava,MG,-14.2667,50.1667,68.88,82,16,13.96,few clouds
1166,Filadelfia,US,39.9523,-75.1638,70.7,69,75,0.0,broken clouds
1167,Lucea,JM,18.451,-78.1736,85.86,76,31,5.95,scattered clouds
1168,Pringsewu,ID,-5.3582,104.9744,75.83,94,85,0.76,overcast clouds
1169,Khandyga,RU,62.6667,135.6,40.42,92,100,3.4,overcast clouds
1170,Saint-Denis,FR,48.9167,2.3333,64.8,90,20,1.99,few clouds
1171,Hofn,IS,64.2539,-15.2082,40.33,82,100,16.17,overcast clouds
1172,Mlimba,TZ,-8.8,35.8167,72.37,65,16,6.26,few clouds
1173,Oberstdorf,DE,47.4,10.2833,62.44,82,82,1.01,broken clouds
1174,Marostica,IT,45.7468,11.6579,67.44,82,44,3.11,scattered clouds
1175,Along,IN,28.1667,94.7667,70.27,97,70,2.66,broken clouds
1176,Santiago Del Estero,AR,-27.7951,-64.2615,74.8,25,0,9.42,clear sky
1177,Ferrol,ES,43.4832,-8.2369,65.26,84,47,9.55,scattered clouds
1178,Daugavpils,LV,55.8833,26.5333,46.02,96,19,8.46,few clouds
1179,Dowa,MW,-13.654,33.9375,62.04,61,21,1.01,few clouds
1180,Hailar,CN,49.2,119.7,56.95,74,96,15.64,overcast clouds
1181,La Asuncion,VE,11.0333,-63.8628,85.73,70,47,4.61,scattered clouds
1182,Huarmey,PE,-10.0681,-78.1522,64.04,84,92,11.56,overcast clouds
1183,Herouville-Saint-Clair,FR,49.2109,-0.3065,65.39,94,0,9.22,clear sky
1184,At-Bashi,KG,41.1702,75.8106,45.86,26,0,1.12,clear sky
1185,Hovd,MN,48.0056,91.6419,35.91,31,19,6.98,few clouds
1186,Novobirilyussy,RU,56.9514,90.6661,35.28,92,100,6.78,overcast clouds
1187,Ekibastuz,KZ,51.6667,75.3667,38.43,92,1,8.23,clear sky
1188,Pangody,RU,65.85,74.4859,31.35,82,7,6.24,clear sky
1189,Lasa,IT,46.6166,10.7002,61.68,95,74,2.71,broken clouds
1190,Talgar,KZ,43.3027,77.2395,37.56,56,0,0.0,clear sky
1191,Naze,JP,28.3667,129.4833,77.92,84,43,12.35,scattered clouds
1192,Wanaka,NZ,-44.7,169.15,48.11,56,64,1.01,broken clouds
1193,Makakilo City,US,21.3469,-158.0858,86.32,57,90,8.05,overcast clouds
1194,Tommot,RU,58.9564,126.2925,39.63,72,80,6.53,broken clouds
1195,Maybole,GB,55.355,-4.6803,63.34,82,20,13.8,few clouds
1196,Warri,NG,5.5167,5.75,73.38,95,100,2.42,overcast clouds
1197,Toamasina,MG,-18.1667,49.3833,69.8,94,75,5.75,light rain
1198,Taguatinga,BR,-12.3857,-46.5711,81.48,52,79,1.72,broken clouds
1199,Tarata,BO,-17.6167,-66.0167,71.02,62,55,7.7,broken clouds
1200,Gulu,UG,2.7746,32.299,61.97,95,87,3.47,overcast clouds
1201,Ellisras,ZA,-23.6649,27.7443,64.42,41,28,4.94,scattered clouds
1202,Yar-Sale,RU,66.8333,70.8333,32.38,84,10,7.09,clear sky
1203,Sid,RS,45.1283,19.2264,57.06,63,0,5.84,clear sky
1204,Cairns,AU,-16.9167,145.7667,84.11,62,40,11.5,scattered clouds
1205,Bonavista,CA,48.6499,-53.1147,50.0,78,100,13.44,overcast clouds
1206,Tornio,FI,65.8481,24.1466,39.22,92,100,4.68,overcast clouds
1207,Santa Cecilia,BR,-26.9608,-50.4269,52.25,98,1,3.27,clear sky
1208,La Tuque,CA,47.4334,-72.7824,61.05,67,72,4.61,broken clouds
1209,Chifeng,CN,42.2683,118.9636,60.76,78,9,3.02,clear sky
1210,Berdigestyakh,RU,62.0989,126.6992,34.75,79,29,4.97,scattered clouds
1211,Malpe,IN,13.35,74.7167,78.1,91,71,2.3,broken clouds
1212,Buraydah,SA,26.326,43.975,82.85,24,2,8.32,clear sky
1213,Nargana,PA,9.4428,-78.5906,81.77,83,89,5.06,overcast clouds
1214,Cascais,PT,38.6979,-9.4215,66.51,73,34,1.01,scattered clouds
1215,Putina,PE,-15.4667,-69.4333,48.78,65,20,11.83,few clouds
1216,Deputatskiy,RU,69.3,139.9,28.63,85,100,18.1,light snow
1217,Shubarkuduk,KZ,49.1447,56.4872,54.05,60,98,13.15,overcast clouds
1218,Les Trois-Bassins,RE,-21.1,55.3,60.73,73,9,5.73,clear sky
1219,Poum,NC,-20.2333,164.0167,72.79,69,76,4.72,broken clouds
1220,Jardim,BR,-21.4803,-56.1381,81.66,34,19,4.47,few clouds
1221,Sao Jose Da Coroa Grande,BR,-8.8978,-35.1478,75.79,85,13,10.13,few clouds
1222,Alexandria,EG,31.2156,29.9553,72.59,61,0,5.06,clear sky
1223,Letterkenny,IE,54.95,-7.7333,57.7,90,39,8.01,scattered clouds
1224,Spartanburg,US,34.9496,-81.9321,72.55,58,1,0.0,clear sky
1225,Faanui,PF,-16.4833,-151.75,79.12,73,6,9.24,clear sky
1226,Artyom,AZ,40.4723,50.333,66.34,79,56,19.44,broken clouds
1227,Ust-Barguzin,RU,53.45,108.9833,41.4,97,100,9.08,light rain
1228,Tiksi,RU,71.6872,128.8694,32.67,86,100,20.58,overcast clouds
1229,Hervey Bay,AU,-25.2986,152.8535,73.51,72,63,4.36,broken clouds
1230,Caceres,ES,39.522,-6.3748,58.8,81,47,3.15,scattered clouds
1231,Ust-Maya,RU,60.4167,134.5333,39.25,73,95,5.59,overcast clouds
1232,Moose Factory,CA,51.2585,-80.6094,51.8,82,90,13.8,overcast clouds
1233,Hlotse,LS,-28.8718,28.045,62.53,35,10,3.31,clear sky
1234,Haines Junction,CA,60.7522,-137.5108,46.35,36,100,8.05,overcast clouds
1235,Shingu,JP,33.7333,135.9833,74.91,94,100,9.22,light rain
1236,Kudahuvadhoo,MV,2.6708,72.8944,82.09,78,100,19.57,moderate rain
1237,Machachi,EC,-0.5,-78.5667,63.9,84,88,5.28,overcast clouds
1238,Lagos,NG,6.5833,3.75,73.72,92,100,0.98,overcast clouds
1239,Amahai,ID,-3.3333,128.9167,80.91,81,100,4.88,overcast clouds
1240,Plettenberg Bay,ZA,-34.0527,23.3716,60.04,78,31,6.6,scattered clouds
1241,Alyangula,AU,-13.8483,136.4192,82.27,54,57,1.14,broken clouds
1242,Mutoko,ZW,-17.397,32.2268,55.56,43,0,4.92,clear sky
1243,Nebolchi,RU,59.1239,33.3454,45.37,97,100,7.94,moderate rain
1244,Vicam,MX,27.6333,-110.2833,93.94,38,95,17.2,overcast clouds
1245,Najran,SA,17.4924,44.1277,72.25,19,85,2.8,overcast clouds
1246,Ravensburg,DE,47.7833,9.6167,65.7,94,75,0.0,broken clouds
1247,Zhicheng,CN,30.2956,111.5047,76.53,85,10,3.49,light rain
1248,Paracatu,BR,-17.2222,-46.8747,79.52,35,50,3.65,scattered clouds
1249,Belyy Yar,RU,53.6039,91.3903,33.69,86,0,4.47,clear sky
1250,Luanshya,ZM,-13.1367,28.4166,65.89,38,9,6.24,clear sky
1251,Mindelo,CV,16.8901,-24.9804,78.35,69,20,13.8,few clouds
1252,Merrill,US,45.1805,-89.6835,58.42,62,90,6.91,overcast clouds
1253,Puerto Rondon,CO,6.2805,-71.1,76.93,82,41,4.94,scattered clouds
1254,Luis Correia,BR,-2.8792,-41.6669,79.66,81,39,14.7,scattered clouds
1255,Dingle,PH,10.9995,122.6711,81.43,83,92,4.0,overcast clouds
1256,Swan River,CA,52.1058,-101.2676,69.69,37,100,2.3,light rain
1257,Inhambane,MZ,-23.865,35.3833,68.32,84,0,7.2,clear sky
1258,Winnemucca,US,40.973,-117.7357,87.85,8,1,17.27,clear sky
1259,Cockburn Town,TC,21.4612,-71.1419,82.36,65,20,0.0,few clouds
1260,Rio Grande,BR,-32.035,-52.0986,60.94,93,26,2.26,scattered clouds
1261,Changchun,CN,43.88,125.3228,63.14,92,100,4.88,overcast clouds
1262,Scarborough,GB,54.2797,-0.4044,64.51,89,95,1.01,overcast clouds
1263,Ndele,CF,8.4109,20.6473,69.8,97,100,3.58,overcast clouds
1264,Santa Fe,AR,-31.6333,-60.7,67.98,51,0,5.01,clear sky
1265,Bindura,ZW,-17.3019,31.3306,63.01,39,0,1.68,clear sky
1266,Mahajanga,MG,-15.7167,46.3167,73.42,60,20,4.61,few clouds
1267,Vagur,FO,61.4732,-6.8119,52.29,93,100,30.0,overcast clouds
1268,Karaton,ID,-6.3424,106.1045,83.95,86,69,2.3,broken clouds
1269,Nouadhibou,MR,20.931,-17.0347,69.78,88,0,16.11,clear sky
1270,Ewa Beach,US,21.3156,-158.0072,87.75,57,90,20.0,overcast clouds
1271,Montreal,CA,45.5088,-73.5878,67.01,68,75,6.91,broken clouds
1272,Save,BJ,8.0425,2.486,74.73,94,100,3.62,overcast clouds
1273,Quelimane,MZ,-17.8786,36.8883,71.55,88,40,1.14,scattered clouds
1274,Liverpool,GB,53.4106,-2.9779,63.63,85,40,5.75,scattered clouds
1275,Terrace,CA,54.5163,-128.6035,60.71,77,75,10.36,broken clouds
1276,Grenada,ES,37.1882,-3.6067,66.45,73,0,1.14,clear sky
1277,Ruwi,OM,23.5996,58.5507,83.89,57,50,2.93,scattered clouds
1278,Tecoanapa,MX,16.5167,-98.75,82.78,80,90,5.77,overcast clouds
1279,Malinao,PH,7.5917,124.6889,71.55,84,100,0.58,overcast clouds
1280,Marzuq,YE,14.4,46.4667,79.45,34,54,3.65,broken clouds
1281,Trinidad,BO,-14.8333,-64.9,85.98,66,13,0.0,smoke
1282,Ouegoa,NC,-20.35,164.4333,77.0,60,29,8.34,scattered clouds
1283,Casablanca,MA,33.5928,-7.6192,71.33,68,3,11.01,clear sky
1284,Hays,US,30.0502,-98.0336,86.92,33,19,1.01,few clouds
1285,Wajir,KE,1.7471,40.0573,74.62,72,36,17.05,scattered clouds
1286,Luau,AO,-10.7073,22.2247,68.56,30,51,2.86,broken clouds
1287,Port Hedland,AU,-20.3167,118.5667,68.05,73,0,4.61,clear sky
1288,Brae,GB,60.3964,-1.353,55.31,95,96,10.11,overcast clouds
1289,Manaus,BR,-3.1019,-60.025,81.09,74,40,3.44,scattered clouds
1290,Rabaul,PG,-4.1967,152.1721,84.92,67,87,7.43,overcast clouds
1291,Axim,GH,4.8699,-2.2405,76.3,89,98,4.88,light rain
1292,Polignano A Mare,IT,40.9959,17.2159,69.03,54,9,4.0,clear sky
1293,Vila Velha,BR,-20.3297,-40.2925,76.96,64,40,11.5,scattered clouds
1294,Belmopan,BZ,17.25,-88.7667,85.28,81,89,4.07,overcast clouds
1295,Nabire,ID,-3.3667,135.4833,78.98,88,97,2.35,overcast clouds
1296,Praia Da Vitoria,PT,38.7333,-27.0667,71.85,88,90,7.92,overcast clouds
1297,Andenes,NO,69.3143,16.1194,40.98,87,39,6.91,scattered clouds
1298,Tual,ID,-5.6667,132.75,81.0,81,95,17.4,overcast clouds
1299,Osorio,BR,-29.8867,-50.2697,64.17,96,32,4.7,scattered clouds
